,,,,,,,,,,Modal Only,,,,,,
Depth1,Depth2,Depth3,사용자 행동,행동 패턴,UI Type,조건,responseCode,Title,Category,Identifier,Description,Condition,Left button,Right button,Classification,사유
공통,-,-,"삭제, 확정, 취소, 전송 등 다건 작업",다건 작업,Confirm Modal,체크박스가 1건도 선택되지 않은 경우,,항목을 선택해 주세요.,정보/안내 메시지,-,-,-,-,확인,,사용자가 필수적으로 해야 할 행동을 구체적으로 알려주고 오류를 즉시 해결하도록 유도해야 합니다. Toast는 쉽게 놓칠 수 있습니다.
공통,-,-,,버튼 클릭,Confirm Modal,입력 항목 누락,,,정보/안내 메시지,,{{항목}}을(를) 입력해 주시기 바랍니다.,,-,확인,,
공통,-,-,페이지 이동/이탈 시도,페이지 이동/이탈,Destructive Modal,입력 중인 항목이 있으나 저장은 되지 않은 상태,,수정한 {{n}}건을 저장하지 않고 나가시겠습니까?,데이터 변경 확인,,저장하지 않으면 변경한 정보는 모두 사라집니다.,,취소,확인,,
,-,-,,,,,,1건의 수정사항이 저장되지 않았습니다,,,"페이지를 이동하면 지금까지 수정한 내용이 저장되지 않으며, 복구할 수 없습니다.",,계속 작성하기,,,
공통,-,-,,,Confirm Modal,편집형 모달 → 그리드 편집 후 “저장”하지 않고 닫기 버튼 클릭 시,,작성 중인 데이터가 있습니다.,데이터 변경 확인,,화면을 나가면 작성된 데이터가 삭제됩니다.,,취소,나가기,,
공통,-,-,버튼 클릭,,Confirm Modal,시도,,{{행동명}}을 {{행동}}하시겠습니까?,데이터 변경 확인,,,,취소,확인,,
공통,-,-,액션 시도,,Toast-Sucess,성공,,총 {{n}}건의 {{행동명}}이 완료되었습니다.,정보/안내 메시지,-,-,-,-,-,,
공통,-,-,액션 시도,,Confirm Modal,네트워크/일시적 에러 등으로 인한 실패,,{{행동명}}에 실패했습니다. 잠시 후 다시 시도해 주세요.,정보/안내 메시지,,,,-,확인,,
,-,-,,,Confirm Modal,,,비밀번호를 초기화하시겠어요?,데이터 변경 확인,,-,,취소,확인,,
공통,-,-,엑셀 파일 다운로드,,,성공,,,,,별도의 토스트/모달 없음,,-,,,
공통,-,-,엑셀 파일 업로드,,Cell-level Error,실패,,업로드가 불가능한 데이터가 존재합니다.,,,,,-,-,,
계약관리,매출/매입 계약관리,계약 마스터,버튼 공통,,Confirm Modal,미선택,,계약을 먼저 선택해 주세요.,,-,-,-,-,확인,,사용자에게 필수적인 다음 행동을 명확히 지시해야 합니다.
계약관리,매출/매입 계약관리,계약 마스터,[매출 해지]. [매출 해지 원복] 버튼,,Confirm Modal,매출 계약 공란 혹은 계약만료,,선택된 데이터 중 매출 계약이 존재하지 않는 건이 있습니다.,,-,-,-,-,확인,,"오류 상황을 설명하고, 사용자가 정보를 파악해야 하므로 짧은 Toast로는 충분하지 않습니다."
계약관리,매출/매입 계약관리,계약 마스터,"[매입 해지], [매입 해지 원복] 버튼",,Confirm Modal,매입 계약 공란 혹은 계약만료,,선택된 데이터 중 매입 계약이 존재하지 않는 건이 있습니다.,,-,-,-,-,확인,,오류 상황 설명 및 정보 파악이 필요합니다.
계약관리,매출/매입 계약관리,계약 마스터,[매출 해지] 버튼,,Toast-Sucess,성공,,매출 계약이 해지되었습니다.,정보/안내 메시지,-,-,-,-,-,,
계약관리,매출/매입 계약관리,계약 마스터,[매출 해지 원복] 버튼,,Confirm Modal,계약해지 이외의 상태 (계약완료),,"""계약해지"" 상태의 매출 계약 마스터만 해지 원복이 가능합니다.",,-,-,-,-,확인,,
계약관리,매출/매입 계약관리,계약 마스터,[매출 해지 원복] 버튼,,Toast-Sucess,성공,,매출 계약 해지가 원복 되었습니다.,정보/안내 메시지,-,-,-,-,-,,
계약관리,매출/매입 계약관리,계약 마스터,[매입 해지] 버튼,,Toast-Sucess,성공,,매입 계약이 해지되었습니다.,정보/안내 메시지,-,-,-,-,-,,
계약관리,매출/매입 계약관리,계약 마스터,[매입 해지 원복] 버튼,,Toast-Sucess,성공,,매입 계약 해지가 원복 되었습니다.,정보/안내 메시지,-,-,-,-,-,,
계약관리,매출/매입 계약관리,계약 마스터,[행 추가] 버튼,,Confirm Modal,,,매출 또는 매입 계약을 먼저 저장해 주세요.,,-,-,-,-,확인,,
,,,,,Confirm Modal,,,화면을 나가면 작성된 계약 마스터가 삭제됩니다. 나가시겠어요?,데이터 변경 확인,,,,취소,나가기,,
계약관리,매출/매입 계약관리,상세,매출 차수 > [저장] 버튼,,Toast-Sucess,성공,,차수가 추가되었습니다.,정보/안내 메시지,-,-,-,-,-,,
계약관리,매출/매입 계약관리,상세,[계약 저장] 버튼,,Toast-Sucess,성공,,매출 계약이 저장되었습니다.,정보/안내 메시지,-,-,-,-,-,,
계약관리,매출/매입 계약관리,상세,매입 차수 > [저장] 버튼,,,행이 아무것도 없을 때,,Application error: a client-side exception has occurred (see the browser console for more information).,,,,,,,,
계약관리,매출/매입 계약관리,상세,[계약 복제] 버튼,,Toast-Sucess,성공,,계약이 복제되었습니다. -> 아무것도 선택 안 한 경우에는 새 계약마스터 뜨면서 아무런 동작 -,정보/안내 메시지,-,-,-,-,-,,
계약관리,매출/매입 계약관리,상세,[요율 저장] 버튼,,Toast-Sucess,,,요율이 저장되었습니다.,정보/안내 메시지,-,-,-,-,-,,
계약관리,매출/매입 계약관리,상세,이탈,,Confirm Modal,작성 중인 항목 존재,,화면을 나가면 작성된 계약 마스터가 삭제됩니다. 나가시겠어요?,데이터 변경 확인,,,,취소,확인,,
계약관리,거래처 마스터,,[조회] 버튼,,Toast-Caution,고객사명 미입력,,고객사명을 먼저 조회해 주세요.,,-,-,-,-,-,,
계약관리,거래처 마스터,,[저장] 버튼,,Toast-Caution,,,변경된 사항이 없습니다.,,-,-,-,-,-,,
계약관리,거래처 마스터,엑셀 업로드,[등록하기] 버튼,,Toast-Caution,아무것도 입력되지 않음,,등록할 데이터가 없습니다.,정보/안내 메시지,-,-,-,-,-,,
계약관리,거래처 마스터,엑셀 업로드,[엑셀 파일 업로드] 버튼,,Cell-level Error,유효하지 않은 MDM,,등록되지 않은 MDM 번호입니다. 고객 식별 정보가 없어 매칭을 할 수 없습니다.,,,,,,,,
계약관리,거래처 마스터,,[삭제] 버튼,,Destructive Modal,1개 이상의 행 체크,,[삭제하기]를 클릭하면 거래처가 삭제됩니다.,삭제/취소,,,,취소,삭제하기,,
계약관리,거래처 마스터,,[삭제] 버튼,,Toast-Sucess,성공,,거래처 마스터가 삭제되었습니다.,정보/안내 메시지,-,-,-,-,-,,
계약관리,거래처 마스터,,[저장] 버튼,,,,1031,PR000159 계약 요율에 등록되지 않은 노드입니다.,,,,,,,,
계약관리,거래처 마스터,,[저장] 버튼,,,,,변경된 사항이 없습니다.,,,,,,,,
주문배차,주문 배차 관리,,[행 삭제] 버튼,,,이미 저장이 완료된 행 선택,,,,,,,,,,
주문배차,주문 배차 관리,,탭 X 버튼,,Destructive Modal,,,"""탭 이름""을 탭 목록에서 삭제하시겠어요?",삭제/취소,,,,취소,삭제하기,,
주문배차,주문 배차 관리,,[일괄 적용] > [상/하차일시] 버튼,,,,102,"102 [ Validation failed for argument [O] in public void
ai.unban.tms.admin.order.controller.OrderController.orderTransferApplyRequestAt(ai.unban.tms.admin.order.dto.ApplyRequestAtOrderDto$Request):
• [Field error in object 'request' on field 'itemList': rejected value [[]]; codes [Size.request.itemList,Size.itemList,Size.java.util.List,Size]; arguments [org.springframework.context.support.DefaultMessageSourceResolvable: codes [request.itemList,itemList]; arguments []; default message
[itemList],2147483647,1]; default message [크기가 1에서 2147483647 사이여야 합니다]] ]",,,,,,,,
주문배차,주문 배차 관리,,[일괄 적용] > [상/하차일시] 버튼,,Toast-Sucess,성공,,상/하차일이 일괄 적용되었습니다.,정보/안내 메시지,-,-,-,-,-,,
주문배차,주문 배차 관리,,[일괄 적용] > [매출/매입 추가 운임] 버튼,,,행이 아무것도 없는 경우,102,"102 [ Validation failed for argument [0] in public void
ai.unban.tms.admin.order.controller.OrderController.orderTransferApplyExtraRate(ai.unban.tms.admin.order.dto.ApplyExtraRateOrderDto$Request):
• [Field error in object 'request' on field 'itemList': rejected value [0]; codes [Size.request.itemList,Size.itemList,Size.java.util.List,Size]; arguments [org.springframework.context.support.DefaultMessageSourceResolvable: codes [request.itemList,itemList]; arguments []; default message
[itemList],2147483647,1]; default message [크기가 1에서 2147483647 사이여야 합니다]] ]",,,,,,,,
주문배차,주문 배차 관리,,[일괄 적용] > [매출/매입 추가 운임] 버튼,,Toast-Sucess,성공,,매출/매입 추가 운임이 일괄 적용되었습니다.,정보/안내 메시지,-,-,-,-,-,,
주문배차,주문 배차 관리,,[일괄 적용] > [매입 정산 제외] 버튼,,,신규로 추가한 빈 행 선택 후 클릭,102,"102 [ Validation failed for argument [0] in public void
ai.unban.tms.admin.order.controller.OrderController.orderTransferSettlementPurchaseExclude(ai.unban.tms.admin.order.dto.SettlementPurchaseExcludeOrderDto$Request):
• [Field error in object 'request' on field 'itemList': rejected value [[]]; codes [Size.request.itemList,Size.itemList,Size.java.util.List,Size]; arguments [org.springframework.context.support.DefaultMessageSourceResolvable: codes [request.itemList,itemList]; arguments []; default message [itemList],2147483647,1]; default
message [크기가 1에서 2147483647 사이여야 합니다]]]",,,,,,,,
주문배차,주문 배차 관리,,[일괄 적용] > [매입 정산 제외] 버튼,,Toast-Sucess,성공,,매입 정산 제외가 일괄 적용되었습니다.,정보/안내 메시지,-,-,-,-,-,,
주문배차,주문 배차 관리,,[배차 확정/취소] 버튼,,Toast-Caution,,,등록되지 않은 주문이 있습니다.,,-,-,-,-,-,,
주문배차,주문 배차 관리,,[배차 확정/취소] 버튼,,Toast-Sucess,성공,,배차 정보가 확정되었습니다.,정보/안내 메시지,-,-,-,-,-,,
주문배차,주문 배차 관리,,[배차 확정/취소] 버튼,,Destructive Modal,주문 상태 '배차확정',,,,,,,취소,확인,,
주문배차,주문 배차 관리,,[배차 확정/취소] 버튼,,Toast-Sucess,성공,,배차가 취소되었습니다.,정보/안내 메시지,-,-,-,-,-,,
주문배차,주문 배차 관리,,[배차 확정/취소] 버튼,,Confirm Modal,,,"아래 중 동일한 주문 상태만 선택하여 다시 시도해 주세요.

배차 확정: “배차의뢰”, “배차계획” 상태
배차 확정 취소: “배차확정” 상태",,,,,-,확인,,
주문배차,주문 배차 관리,,[배차 확정/취소] 버튼,,Confirm Modal,차량번호 미입력,,위 행의 차량번호 항목을 입력 후 다시 시도해 주세요.,,"1행, 2행, 3행",,,-,확인,,
주문배차,주문 배차 관리,,[배차 확정/취소] 버튼,,Confirm Modal,매입금액 미입력,,위 행의 매입 금액 항목을 입력 후 다시 시도해 주세요.,,"1행, 2행, 3행",,,-,확인,,
주문배차,주문 배차 관리,,[배차 확정/취소] 버튼,,Confirm Modal,배차의뢰' '배차계획' '배정확정' 주문 상태,,"아래 중 동일한 주문 상태만 선택하여 다시 시도해 주세요.
· 배차 확정: “배차의뢰”, “배차계획” 상태
· 배차 확정 취소: “배차확정” 상태",,,,,-,확인,,
주문배차,주문 배차 관리,,[배차 확정/취소] 버튼,,Confirm Modal,차량번호 입력 완료,,,,,,,취소,확인,,
주문배차,주문 배차 관리,,[배차 확정/취소] 버튼,,,"차량번호 입력 완료, 차량정보, 매입금액 미입력
매입 수송량, 매입 요율 구분, 매입 요율 금액 -> 일부 조건에서만 필수 입력",1107,1107 [ 1번째 행은 차량정보와 매입금액은 필수입니다. ],,,,,,,,
,,,,,,,,[저장하기] 버튼을 클릭하면 작성한 내용대로 저장됩니다.,,,,,취소,저장하기,,
주문배차,주문 배차 관리,,[파트너 지정/취소] 버튼,,Confirm Modal,배차의뢰' '배차계획' '배정확정' 이외의 주문 상태,,"아래 중 동일한 주문 상태만 선택하여 다시 시도해 주세요.
· 파트너 지정: ""배차의뢰"", ""배차계획"" 상태
· 파트너 지정 취소: ""배정확정"" 상태",,,,,-,확인,,
주문배차,주문 배차 관리,,[파트너 지정/취소] 버튼,,Confirm Modal,조건 충족,,,,,,,취소,확인,,
주문배차,주문 배차 관리,,[파트너 지정/취소] 버튼,,Toast-Sucess,취소 성공,,파트너 지정이 취소되었습니다.,정보/안내 메시지,-,-,-,-,-,,
주문배차,주문 배차 관리,,[파트너 지정/취소] > [지정하기] 버튼,,,테이블 내 아무 정보 없을 때,,Cannot read properties of undefined (reading 'vendorld'),,,,,,,,
주문배차,주문 배차 관리,계약 외 협력사 지정,[계산] 버튼,,Toast-Caution,,,매입 금액(%)을 입력해 주세요.,,-,-,-,-,-,,
주문배차,주문 배차 관리,계약 외 협력사 지정,파트너 중 1개 더블클릭,,Toast-Sucess,,,파트너가 지정되었습니다.,정보/안내 메시지,-,-,-,-,-,,
주문배차,주문 배차 관리,,[운송실적 확정/취소] 버튼,,,주문 상태가 '배정확정' 등 운송실적확정 이외의 상태,,"아래 중 동일한 주문 상태만 선택하여 다시 시도해 주세요. / · 운송실적 확정: “배차확정” 이후 상태
· 운송실적 확정 취소: “운송실적확정” 상태",,,,,,,,
주문배차,주문 배차 관리,주문 목록,[운송실적 확정/취소] 버튼,,Confirm Modal,조건 충족,,,,,,,취소,확인,,
주문배차,주문 배차 관리,주문 목록,[운송실적 확정/취소] 버튼,,Confirm Modal,"주문 상태가 '배차확정' 이전, '운송실적확정' 이외의 상태",,"아래 중 동일한 주문 상태만 선택하여 다시 시도해 주세요.
운송실적 확정: “배차확정” 이후 상태
운송실적 확정 취소: “운송실적확정” 상태",,,,,-,확인,,
주문배차,주문 배차 관리,주문 목록,[운송실적 확정/취소] 버튼,,Toast-Sucess,확정 성공,,"아래 중 동일한 주문 상태만 선택하여 다시 시도해 주세요.
운송실적 확정: “배차확정” 이후 상태
운송실적 확정 취소: “운송실적확정” 상태",정보/안내 메시지,-,-,-,-,-,,
주문배차,주문 배차 관리,주문 목록,[운송실적 확정/취소] 버튼,,Toast-Sucess,취소 성공,,운송실적 확정이 취소되었습니다.,정보/안내 메시지,-,-,-,-,-,,
주문배차,주문 배차 관리,주문 목록,[더운반 전송] 버튼,,Confirm Modal,,,,,,,,취소,전송하기,,
주문배차,주문 배차 관리,주문 목록,[더운반 전송] 버튼,,Confirm Modal,실패,,주문 상태가 “배차의뢰”인 경우에만 더운반으로 전송할 수 있습니다.,,,,,-,확인,,
주문배차,주문 배차 관리,주문 목록,[더운반 전송] 버튼,,Toast-Sucess,성공,,주문이 더운반 연계로 변경되었습니다.,정보/안내 메시지,-,-,-,-,-,,
주문배차,주문 배차 관리,주문 목록,[취소] 버튼,,Toast-Caution,선택 항목 -,,선택된 항목이 없습니다.,,-,-,-,-,-,,
주문배차,주문 배차 관리,주문 목록,[취소] 버튼,,Destructive Modal,조건 충족,,,,,,,취소,확인,,
주문배차,주문 배차 관리,주문 목록,[취소] 버튼,,Toast-Sucess,성공,,1건의 주문이 취소 처리 되었습니다.,정보/안내 메시지,-,-,-,-,-,,
주문배차,주문 배차 관리,주문 목록,[일괄 주문 취소] 버튼,,Toast-Sucess,성공,,1건의 주문이 일괄 취소 처리 되었습니다.,정보/안내 메시지,-,-,-,-,-,,
주문배차,주문 배차 관리,주문 목록,[운행 중단] 버튼,,Confirm Modal,실패,,주문 취소가 불가합니다. 주문 상태를 확인해 주세요.,,-,-,-,-,확인,,
주문배차,주문 배차 관리,주문 목록,[혼적] 버튼,,Confirm Modal,실패,,"아래 중 동일한 주문 상태만 선택하여 다시 시도해 주세요.
· 혼적 배정: “배차의뢰” 상태",,,,,-,확인,,
주문배차,주문 배차 관리,주문 목록,[혼적] 버튼,,Toast-Caution,실패,,동일한 파트너로만 혼적 배정이 가능합니다.,,-,-,-,-,-,,
주문배차,주문 배차 관리,주문 목록,[혼적] 버튼,,Toast-Sucess,성공,,혼적 배정이 완료되었습니다.,정보/안내 메시지,-,-,-,-,-,,
주문배차,주문 배차 관리,주문 목록,[분할] 버튼,,,행이 아무것도 없을 때,,아무것도 나타나지 않음,,,,,,,,
주문배차,주문 배차 관리,주문 목록,[복사] 버튼,,Toast-Sucess,성공,,선택한 주문이 복사되었습니다.,정보/안내 메시지,-,-,-,-,-,,
주문배차,주문 배차 관리,주문 목록,화주명 선택,,Toast-Caution,계약마스터 -,,계약 구분에 대한 계약마스터가 없습니다.,,-,-,-,-,-,,
주문배차,주문 배차 관리,주문 목록,[저장] 버튼,,,필수항목 미입력,,필수 항목을 입력해 주세요.,,,,,,,,
주문배차,주문 배차 관리,주문 목록,[저장] 버튼,,Toast-Sucess,성공,,1개의 주문이 등록되었습니다.,정보/안내 메시지,-,-,-,-,-,,
주문배차,주문 배차 관리,주문 목록,[저장] 버튼,,,신규 행 생성 후 일부 정보 미입력,1173,1173 [ null ],,,,,,,,
주문배차,주문 배차 관리,주문 목록,[저장] 버튼,,,매입 금액이 매출 금액보다 큼,,"정확한 주문 등록을 위해 매출, 매입 금액 확인을 권장합니다.
저장하시겠어요?",데이터 변경 확인,"1행, 2행, 3행의 매입 금액이 매출 금액보다 큼",,,취소,저장하기,,
주문배차,주문 배차 관리,고객사 목록,[일괄 적용] > [톤급/의뢰량] 버튼,,Confirm Modal,매출 요율 구분이 '대당' 일 때,,-,,,,,-,확인,,
주문배차,주문 배차 관리,빠른 배차,[배차] 버튼,,,재확인,,"-위수탁 즐겨찾기 차량
-소속거점: W&D)오리온통합센터(N/A)
-관리번호: C110117
-차량번호: 인천80바8817",,,,,취소,,,
주문배차,주문 배차 관리,빠른 배차,[삭제] 버튼,,Destructive Modal,재확인,,"삭제 시, 즐겨찾기 목록에서 이 차량이 삭제됩니다.",삭제/취소,,,,취소,삭제하기,,
주문배차,엑셀 업로드,계약 주문,[등록] 버튼,,,선택 항목 -,,,,,,,,,,
주문배차,엑셀 업로드,계약 주문,[엑셀 파일 업로드] 버튼,,,,,데이터 수정 후 ‘등록하기’ 버튼을 눌러 주세요.,,,,,,확인,,
주문배차,엑셀 업로드,계약 주문,[엑셀 파일 업로드] 버튼,,Confirm Modal,실패,,Excel 업로드 및 유효성 검증 중 오류가 발생했습니다: Excel 양식이 올바르지 않습니다. 업로드 타입: 계약,,,,,-,확인,,
주문배차,엑셀 업로드,계약 외 주문,[엑셀 파일 업로드] 버튼,,Toast-Caution,실패,,Cannot read properties of null (reading 'map'),,-,-,-,-,-,,
주문배차,엑셀 업로드,정부 양곡,[엑셀 파일 업로드] 버튼,,Toast-Caution,실패,,Cannot read properties of null (reading 'map'),,-,-,-,-,-,,
주문배차,타점 배차 현황,,[조회] 버튼,,Toast-Caution,코스트센터(매입) 미입력,,코스트 센터 (매입)을 선택해 주세요.,,-,-,-,-,-,,
주문배차,타점 배차 현황,,[조회] 버튼,,Toast-Caution,인사조직 미입력,,인사조직을 선택해 주세요.,,-,-,-,-,-,,
주문배차,운송 현황 조회,,[조회] 버튼,,Toast-Sucess,인사조직 미입력,,인사조직을 선택해 주세요.,,-,-,-,-,-,,
주문배차,인수증/계근표 현황,,[조회] 버튼,,Toast-Sucess,인사조직 미입력,,인사조직을 선택해 주세요.,,-,-,-,-,-,,
주문배차,인수증/계근표 현황,,[조회] 버튼,,,화주 미입력,,화주를 선택해 주세요.,,,,,,,,
주문배차,인수증/계근표 현황,,[인수증 업로드 요청] 버튼,,,미선택 or 항목 -,,,,,아무것도 나타나지 않음,,,,,
주문배차,인수증/계근표 현황,,[인수증 업로드 요청] 버튼,,,1개 항목 선택,,,,,아무것도 나타나지 않음,,,,,
주문배차,"(FT, O-NE) 주문 배차 관리",,,,Toast-Sucess,,,기본 주문 배차 관리와 동일,,-,-,-,-,-,,
주문배차,"(FT, O-NE) 엑셀 업로드",,,,,,,,,,기본 엑셀 업로드와 동일,,,,,
정산관리,매출 정산 확정,미확정,[조회] 버튼,,Toast-Caution,,,매출조직을 먼저 조회해 주세요.,,-,-,-,-,-,,
정산관리,매출 정산 확정,미확정,[매출 정산 확정] 버튼,,Confirm Modal,,,매출 정산을 확정하시겠어요?,,,선택한 실적의 매출 정산을 확정합니다.,,취소,매출 정산 확정하기,,
정산관리,매출 정산 확정,미확정,[매출 정산 확정하기] 버튼,,Toast-Sucess,,,매출청구 1건이 확정되었습니다.,정보/안내 메시지,-,-,-,-,-,,
정산관리,매출 정산 확정,미확정,[매출 정산 확정] 버튼,,,고객코드가 13이고 수금조건이 없는 경우 (단건/다건 공통),,"입력값이 유효하지 않습니다.
",,,"고객코드가 13이고 수금조건이 없을 경우, 매출확정이 불가합니다.",,-,확인,,
정산관리,매출 정산 확정,미확정,[매출 정산 확정] 버튼,,,"매입조직 선택 시, 영업 조직을 입력한 경우",,"입력값이 유효하지 않습니다.
",,,유효하지 않은 조직입니다. 매입조직에는 영업조직을 지정할 수 없습니다. 운영조직으로 변경해 주시기 바랍니다.,,-,확인,,
정산관리,매출 정산 확정,미확정,[매출 정산 확정] 버튼,,,"매출조직 선택 시, 운영조직을 입력한 경우",,입력값이 유효하지 않습니다.,,,유효하지 않은 조직입니다. 매출조직에는 운영조직을 지정할 수 없습니다. 영업조직으로 변경해 주시기 바랍니다.,,-,확인,,
정산관리,매출 정산 확정,미확정,[매출 정산 확정] 버튼,,Confirm Modal,폐쇄된 조직이 존재하는 경우,600,매출 청구 확정을 위한 조건을 확인해 주시기 바랍니다.,,,"폐쇄된 조직이 존재합니다. 조직을 변경하시기 바랍니다.
-> 시스템/컨펌모달 같이 뜸",,,확인,,
정산관리,매출 정산 확정,확정,[매출 정산 확정 취소] 버튼,,,,,매출 정산 확정을 취소하시겠어요?,,,선택한 실적의 매출 정산 확정을 취소합니다.,,취소,확인,,
정산관리,매출 정산 확정,확정,[매출 정산 확정 취소] 버튼,,Confirm Modal,실패 : 선택한 실적 중 ‘결재 상태 = 요청 또는 승인 대기’인 실적이 있는 경우,612,,,,"1. 시스템
결재 진행 중인 실적이 있습니다. 결재 완료 및 삭제 후 매출확정 취소가 가능합니다.

2. 컨펌모달
매출 정산 확정 취소에 실패했습니다.
612 [ 결재 진행 중인 실적이 있습니다. 결재 완료 및 삭제 후 매출확정 취소가 가능합니다. ]
확인
: 2개 동시에 노출되고 있음",,,확인,,
정산관리,매출 정산 확정,확정,[매출 정산 확정 취소] 버튼,,,실패 : 선택한 실적 중 ‘매출청구 상태’인 실적이 있는 경우,,매출 정산 확정 취소에 실패했습니다.,,,{{n}}행 : 매출청구가 완료된 실적은 매출 정산 확정 취소가 불가능합니다.,,-,확인,,
정산관리,매출 정산 확정,확정,[매출 정산 확정 취소] 버튼,,Toast-Sucess,성공,,총 {{n}}건의 매출 정산 확정이 취소되었습니다.,정보/안내 메시지,-,-,-,-,-,,
정산관리,매출 청구 확정,미확정,[조회] 버튼,,Toast-Caution,매출조직 미입력,,매출조직을 먼저 조회해 주세요.,,-,-,-,-,-,,
정산관리,매출 청구 확정,미확정,[고객 정보 변경] 모달 내 [확인] 버튼,,Confirm Modal,"고객명, 부가세명, 전표부서, 코스트센터, 사업, 서비스 중 1개 이상의 필드가 정상 입력",,고객 정보를 변경하시겠어요?,,,입력한 내용으로 고객 정보를 저장합니다. 변경한 내용을 저장하시려면 [저장하기]를 눌러주세요.,,취소,저장하기,,
정산관리,매출 청구 확정,미확정,[고객 정보 변경] 모달 내 [확인] 버튼,모달 내 행동,Toast-Sucess,성공,,"총 {{n}}건의 고객 정보가 성공적으로 변경되었습니다.
이미 미청구 상태인 항목도 지속적으로 변경되었다는 토스트 나타남",정보/안내 메시지,-,-,-,-,-,,
정산관리,매출 청구 확정,미확정,[미청구로 변경] 버튼,,Toast-Sucess,성공,,선택하신 1건이 미청구 상태로 전환되었습니다.,정보/안내 메시지,-,-,-,-,-,,
정산관리,매출 청구 확정,미확정,[청구로 변경] 버튼,,Toast-Sucess,성공,,선택하신 1건이 청구 상태로 전환되었습니다.,정보/안내 메시지,-,-,-,-,-,,
정산관리,매출 청구 확정,미확정,"[미청구로 변경] , [청구로 변경] 버튼",,Confirm Modal,매뉴얼 청구건을 선택한 경우,,선택한 실적 중 매뉴얼 청구건은 [청구/미청구 상태]를 변경할 수 없습니다.,,,"해당 항목을 제외하거나, 개별적으로 처리해 주시기 바랍니다.",,-,확인,,
정산관리,매출 청구 확정,미확정,[진행매출 결재요청] 버튼,,Confirm Modal,원청구계획월이 청구확정일보다 이전이거나 같은 경우 (원청구계획월 = 청구월+1달),,원청구계획월은 청구확정일보다 이후의 월로 설정해야 합니다.,,,-,,,확인,,
정산관리,매출 청구 확정,미확정,[진행매출 결재요청] 버튼,,Confirm Modal,"원청구계획월, 변경청구계획월, 진행매출사유 중 하나라도 미입력",,"진행매출 결재요청 시 원청구계획월, 변경청구계획월, 진행매출사유를 입력하셔야 합니다.",,,-,,,확인,,
정산관리,매출 청구 확정,미확정,진행매출 결재요청 모달 > [확인] 버튼,,Confirm Modal,"청구확정일 미입력
",,청구확정일을 입력하시기 바랍니다.,,,,,,확인,,
정산관리,매출 청구 확정,미확정,진행매출 결재요청 모달 > [확인] 버튼,,Confirm Modal,진행매출사유 미입력,,진행매출사유를 선택해 주시기 바랍니다.,,,현재 해당 항목 미입력해도 그냥 확인 가능함,,,확인,,
정산관리,매출 청구 확정,미확정,진행매출 결재요청 모달 > [확인] 버튼,,Confirm Modal,실적 중 매뉴얼매출 유형 포함 시,,고객명 000 실적은 매뉴얼매출입니다. ,,,매뉴얼 매출 데이터를 선택 해제하시기 바랍니다. 해당 기능은 실적기반 진행매출만 결재요청이 가능합니다.,,,확인,,
정산관리,매출 청구 확정,미확정,진행매출 결재요청 모달 > [확인] 버튼,,Confirm Modal,,,진행매출 결재를 요청하시겠어요?,,,선택한 진행매출에 대해 결재를 요청합니다.,,취소,결재 요청하기,,
정산관리,매출 청구 확정,미확정,진행매출 결재요청 모달 > [확인] 버튼,,Confirm Modal,실패,612,진행매출 결재요청에 실패했습니다.,,,결재 진행 중인 실적이 존재합니다. 정산관리-진행매출결재 메뉴에서 확인 가능합니다.,,-,확인,,
정산관리,매출 청구 확정,미확정,[진행매출 청구고객 변경 결재요청] 버튼,,Confirm Modal,해당 실적의 청구고객 변경 결재 상태가 결재 요청됨 / 결재중 or 결재요청,,고객명 000 실적은 현재 진행매출 청구고객 변경 결재진행 중입니다.,,,,,,확인,,
정산관리,매출 청구 확정,미확정,[진행매출 청구고객 변경 결재요청] 버튼,,Confirm Modal,"고객코드(customer_code) == 청구고객코드(billing_customer_code). 
변경 자체가 무의미하거나 필요 없는 상황",,고객명 000 실적은 진행매출 청구고객변경 결재 대상이 아닙니다.,,,고객코드와 청구고객코드가 동일하면 결재 대상이 아닙니다.,,,확인,,
정산관리,매출 청구 확정,미확정,[진행매출 청구고객 변경 결재요청] 버튼,,Confirm Modal,해당 실적의 청구구분이 '일반청구',,고객명 000 실적은 일반 청구 실적입니다.,,, 별도 결재 없이 청구확정이 가능합니다.,,,확인,,
정산관리,매출 청구 확정,미확정,[매출 청구 확정] 버튼,,Confirm Modal,"변경, 변경대상 mdm이 10~인데 수금조건이 존재하면 변경 불가",,,,,,,,,,
정산관리,매출 청구 확정,미확정,[매출 청구 확정] 버튼,,Confirm Modal,"변경, 변경대상이 위수탁(42,43)이면 변경 불가",,,,,,,,,,
정산관리,매출 청구 확정,미확정,[매출 청구 확정] 버튼,,Confirm Modal,청구구분이 '청구'인 경우,,{{고객사명[코드]}} 실적은 청구실적입니다. 미청구로 변경한 후 다시 시도해 주시기 바랍니다.,,,,,,확인,,
정산관리,매출 청구 확정,미확정,[매출 청구 확정] 버튼,,Confirm Modal,매입 코스트센터에 영업조직이 들어간 경우,,매출 청구 확정을 위한 조건을 확인해 주시기 바랍니다.,,,코스트센터는 영업조직을 지정할 수 없습니다. 운영조직으로 변경하시기 바랍니다.,,,확인,,
정산관리,매출 청구 확정,미확정,[매출 청구 확정] 버튼,,Confirm Modal,"실적이 전월 진행매출로 설정되어 있으며, 고객 변경 결재 요청이 진행 중인 경우",,매출 청구 확정을 위한 조건을 확인해 주시기 바랍니다.,,{{n}}행,진행매출 청구고객 변경 결재가 진행 중입니다. 기획팀 승인 이후 청구확정이 가능합니다.,,,확인,,
정산관리,매출 청구 확정,미확정,[매출 청구 확정] 버튼,,Confirm Modal,"실적이 전월 진행매출로 설정되어 있으며, 고객 변경 결재 요청을 하지 않은 경우",,매출 청구 확정을 위한 조건을 확인해 주시기 바랍니다.,,{{n}}행,고객 변경에 대한 결재가 필요한 실적입니다. 진행매출 청구고객 변경 결재요청을 클릭하여 결재를 받으시기 바랍니다.,,,확인,,
정산관리,매출 청구 확정,미확정,[매출 청구 확정] 버튼,,Confirm Modal,실적이 현재 진행매출 결재가 진행 중인 경우,,매출 청구 확정을 위한 조건을 확인해 주시기 바랍니다.,,{{n}}행 ,진행매출 결재가 진행 중입니다. 기획팀 승인 이후 청구확정이 가능합니다.,,,확인,,
정산관리,매출 청구 확정,미확정,[매출 청구 확정] 버튼,,Confirm Modal,청구구분이 미청구인 실적,,매출 청구 확정을 위한 조건을 확인해 주시기 바랍니다.,,{{n}}행,진행매출 결재가 필요한 실적입니다. 진행매출 결재요청을 클릭하시기 바랍니다.,,,확인,,
정산관리,매출 청구 확정,확정,[매출 청구 확정 취소] 버튼,,,매출 회계 전기가 완료된 실적 포함,,"매출 청구 확정 취소를 위한 조건을 확인해 주시기 바랍니다.
",,,매출 회계 전기된 실적은 청구취소할 수 없습니다.,,-,확인,,
정산관리,매출 청구 확정,확정,[매출 청구 확정 취소] 버튼,,,결재 진행 중인 실적 포함,,"매출 청구 확정 취소를 위한 조건을 확인해 주시기 바랍니다.
",,,결재 진행 중인 실적이 존재합니다. [정산관리 > 진행매출 결재] 메뉴에서 확인해 주시기 바랍니다.,,-,확인,,
정산관리,매출 청구 확정,확정,[매출 청구 확정 취소] 버튼,,,진행매출 청구 실적 중 청구확정 이력 포함,,매출 청구 확정 취소를 위한 조건을 확인해 주시기 바랍니다.,,,청구확정 취소 실적 중 진행매출의 청구 실적이 이미 청구확정된 이력이 있습니다. 진행매출의 실적을 먼저 청구확정취소하시기 바랍니다.,,-,확인,,
정산관리,매출 청구 확정,확정,[매출 청구 확정 취소] 버튼,,,진행매출 청구 실적 중 결재진행 이력 포함,,매출 청구 확정 취소를 위한 조건을 확인해 주시기 바랍니다.,,,청구확정 취소 실적 중 진행매출의 청구 실적이 결재 진행 중입니다. 결재가 완료되거나 삭제된 후 청구확정취소가 가능합니다.,,-,확인,,
정산관리,매출 회계 전기,미처리,[회계 전표 전송] 버튼,,,전표일이 증빙일 보다 과거인 경우,,회계 전표 전송을 위한 조건을 확인해 주시기 바랍니다.,,,,,,,,
정산관리,매출 회계 전기,미처리,[회계 전표 전송] 버튼,,,상차일자와 전표일의 ‘월’이 다른 경우,,증빙일은 전표일 이후가 될 수 없습니다.,,,,,,,,
정산관리,매출 회계 전기,미처리,[회계 전표 전송] 버튼,,,이미 회계 전기된 실적 포함,,"회계 전표 전송을 위한 조건을 확인해 주시기 바랍니다.
이미 회계 전기된 실적이 존재합니다. 해당 실적을 제외하고 다시 시도해 주시기 바랍니다.",,,,,,,,
정산관리,매출 회계 전기,미처리,[회계 전표 전송] 버튼,,,부가가치세 허용 범위 초과,,"회계 전표 전송을 위한 조건을 확인해 주시기 바랍니다.
부가가치세 허용 범위를 초과하였습니다. 금액을 확인하고 다시 시도해 주시기 바랍니다.",,,,,,,,
정산관리,매출 회계 전기,미처리,[회계 전표 전송] 버튼,,,중지고객 포함,,"회계 전표 전송을 위한 조건을 확인해 주시기 바랍니다.
회계 전기 목록 중 중지된 고객이 포함되어 있어 전표 생성이 불가능합니다. 고객 상태를 확인한 후 다시 시도해 주시기 바랍니다.",,,,,,,,
정산관리,매출 회계 전기,미처리,[회계 전표 전송] 버튼,,,코스트센터에 영업조직 지정,,"회계 전표 전송을 위한 조건을 확인해 주시기 바랍니다.
코스트센터는 영업조직을 지정할 수 없습니다. 운영조직으로 변경하시기 바랍니다.",,,,,,,,
정산관리,매출 회계 전기,미처리,[회계 전표 전송] 버튼,,,매출조직에 운영조직 지정,,"회계 전표 전송을 위한 조건을 확인해 주시기 바랍니다.
매출조직은 운영조직을 지정할 수 없습니다. 영업조직으로 변경하시기 바랍니다.",,,,,,,,
정산관리,매출 회계 전기,미처리,[회계 전표 전송] 버튼,,,진행매출 청구 고객변경 결재요청 건 포함,,"회계 전표 전송을 위한 조건을 확인해 주시기 바랍니다.
진행매출 청구 시 고객 변경 결재 요청 건이 존재합니다. [정산관리 > 진행매출 결재관리]에서 진행사항을 확인하시기 바랍니다.",,,,,,,,
정산관리,매출 회계 전기,미처리,[회계 전표 전송] 버튼,,,진행매출 결재요청 건 포함,,"회계 전표 전송을 위한 조건을 확인해 주시기 바랍니다.
진행매출 결재 요청 건이 존재합니다. [정산관리 > 진행매출 결재관리]에서 진행사항을 확인하시기 바랍니다.",,,,,,,,
정산관리,매출 회계 전기,미처리,[회계 전표 전송] 버튼,,,청구확정 요청 시 매출확정 실적 -,,"회계 전표 전송을 위한 조건을 확인해 주시기 바랍니다.
청구확정 요청 대상 중 매출확정된 실적이 존재하지 않습니다. 매출확정 실적이 삭제되었을 수 있으니 재조회 후 확인해 주시기 바랍니다.",,,,,,,,
정산관리,매출 회계 전기,처리,[마이너스 전기] 버튼,,,유효성 검사 -,,,,,,,,,,
정산관리,매출 회계 전기,처리,[회계 전표 취소] 버튼,,,유효성 검사 -,,,,,,,,,,
정산관리,매출 회계 전기 취소,마이너스,[마이너스 전기 취소] 버튼,,,유효성 검사 -,,,,,,,,,,
정산관리,매입 정산 확정,미확정,[조회] 버튼,,Toast-Caution,매입 조직 미선택,,매입 조직을 먼저 선택해 주세요.,,-,-,-,-,-,,
정산관리,매입 정산 확정,미확정,[매입 정산 확정] 버튼,,Confirm Modal,확정 시도,,매입 정산을 확정하시겠어요?,,,총 {{n}}건에 대해 정산이 확정 처리됩니다.,,취소,확인,,
정산관리,매입 정산 확정,미확정,[매입 정산 확정 팝업] > [확인] 버튼,,Confirm Modal,영업조직을 매입조직으로 지정함으로 인한 실패,600,매입 정산 확정에 실패하였습니다.,,,매입조직은 영업조직을 지정할 수 없습니다. 운영조직으로 변경하시기 바랍니다.,,-,확인,,
정산관리,매입 정산 확정,미확정,[매입 정산 확정] 시도,,Confirm Modal,조직 폐쇄 상태 포함으로 인한 실패,600,매입 정산 확정에 실패하였습니다.,,,폐쇄된 조직이 존재합니다. 조직을 변경해 주시기 바랍니다.,,-,확인,,
정산관리,매입 정산 확정,미확정,[매입 정산 확정 팝업] > [확인] 버튼,,Toast-Sucess,성공,,총 {{n}}건의 매입 정산 확정이 완료되었습니다.,정보/안내 메시지,-,-,-,-,-,,
정산관리,매입 정산 확정,미확정,[매입 정산 확정] 버튼,,,차량구분 위수탁 + 소속팀 미입력,,,,,,,,,,
정산관리,매입 정산 확정,미확정,[매입 정산 확정] 시도,,,위수탁 차량 실적 중 소속팀 오류,,,,,,,,,,
정산관리,매입 정산 확정,미확정,[매입 정산 확정] 버튼,,,매입확정일과 상차요청일 60일 이상 차이,,,,,,,,,,
정산관리,매입 정산 확정,미확정,[매입 정산 확정] 버튼,,,이미 매입 확정된 실적 포함,,해당 실적은 더 이상 수정하거나 처리할 수 없습니다. 확인 후 다시 시도해 주세요.,,,,,,,,
정산관리,매입 정산 확정,미확정,[산재보험 적용 제외] 버튼,,Confirm Modal,운송가맹점 대상,,현재 선택된 운송가맹점은 적용 대상이 아닙니다.,,,,,-,확인,,
정산관리,매입 정산 확정,미확정,[산재보험 적용 제외] 버튼,,Confirm Modal,차주 대상 시도,,"선택한 차주를 산재보험 적용 대상에서 제외 처리합니다.
산재보험 대상자로 설정된 차주만 산재보험이 적용됩니다.
산재보험 대상 여부는 [정보센터] 메뉴에서 설정할 수 있습니다.
산재보험 대상 차주의 실적은, 총매입금에서 산재보험료가
차감된 금액으로 회계 전기됩니다.",,,,,취소,산재보험 적용 제외,,
정산관리,매입 정산 확정,미확정,[산재보험 적용 제외] 버튼,,Toast-Sucess,성공,,"선택한 차주가 산재보험 적용 대상에서 제외되었습니다.
-> 토스트 미노출",정보/안내 메시지,-,-,-,-,-,,
정산관리,매입 정산 확정,미확정,[산재보험 적용 제외] 버튼,,Confirm Modal,이미 미적용된 차주,,해당 차주는 이미 산재보험 적용 제외 상태입니다.,,,,,,확인,,
정산관리,매입 정산 확정,미확정,조직 선택 후 [소속 조직 변경] 버튼,,Confirm Modal,단건 또는 다건 모두 포함,,선택한 항목의 정산 조직이 선택한 조직으로 변경됩니다.,,,,,취소,확인,,
정산관리,매입 정산 확정,미확정,[소속 조직 변경] 버튼,,Toast-Sucess,성공,,"총 {{n}}건의 실적 소속 조직이 변경되었습니다.
-> 토스트 미노출",정보/안내 메시지,-,-,-,-,-,,
정산관리,매입 정산 확정,미확정,[소속 조직 변경] 버튼,,Confirm Modal,회원유형 불일치,,선택한 회원의 유형과 조직 조건을 다시 확인해 주시기 바랍니다.,,,,,,,,
정산관리,매입 정산 확정,미확정,[소속 조직 변경] 버튼,,Confirm Modal,동일한 소속팀 포함,,선택된 {{n}}건 중 {{n}}건의 동일한 소속팀이 존재합니다.,,,,,,,,
정산관리,매입 정산 확정,미확정,페이지 이탈 시도,,Confirm Modal,소속조직을 변경한 항목이 있으나 [매입 정산 확정]을 하지 않은 상태,,"변경한 소속 조직 정보는 저장되지 않으며, 변경 내용을 적용하려면 매입 정산 확정을 완료해야 합니다.",,,,,취소,확인,,
정산관리,매입 정산 확정,확정,[매입 확정 취소] 버튼,,Destructive Modal,확정된 실적 취소 시도,,매입 정산 확정을 취소하시겠어요?,삭제/취소,선택한 실적의 매입 정산 확정을 취소 처리합니다.,,,취소,확인,,
정산관리,매입 정산 확정,확정,[매입 확정 취소] 버튼,,Toast-Sucess,성공,,총 {{n}}건의 매입 정산 확정이 취소되었습니다.,정보/안내 메시지,-,-,-,-,-,,
정산관리,매입 정산 확정,확정,[매입 확정 취소] 버튼,,Confirm Modal,매입회계전기 실적 포함,,전기 상태를 확인한 후 다시 시도해 주시기 바랍니다.,,,,,,,,
정산관리,매입 회계 전기,미처리,[조회] 버튼,,Toast-Caution,매입조직 미입력,,매입조직을 먼저 조회해 주세요.,,-,-,-,-,-,,
정산관리,매입 회계 전기,미처리,1. [추가 정보 변경] 버튼,,Confirm Modal,시도,,선택한 추가정보로 변경을 진행합니다.,,,,,취소,확인,,
정산관리,매입 회계 전기,미처리,1. [추가 정보 변경] 버튼,,Toast-Sucess,성공,,추가정보변경이 완료되었습니다.,정보/안내 메시지,-,-,-,-,-,,
정산관리,매입 회계 전기,미처리,1. [추가 정보 변경] 버튼,,Confirm Modal,허용되지 않은 지급조건,,,,,,,,,,
정산관리,매입 회계 전기,미처리,1. [추가 정보 변경] 버튼,,Confirm Modal,회계전기 미반영시,,위 항목은 회계 전표가 생성되지 않아 추가 정보를 변경할 수 없습니다. 재조회 후 다시 시도해 주시기 바랍니다. ,,•2행 •5행 •8행,,,,,,
정산관리,매입 회계 전기,미처리,2. [매입처 변경 및 결재] 버튼,,Confirm Modal,시도,,선택한 매입처로 변경 결재 요청을 진행합니다.,,,,,취소,확인,,
정산관리,매입 회계 전기,미처리,2. [매입처 변경 및 결재] 버튼,,Toast-Sucess,성공,,총 {{n}}건의 매입처 변경 결재 요청이 완료되었습니다.,정보/안내 메시지,-,-,-,-,-,,
정산관리,매입 회계 전기,미처리,2. [매입처 변경 및 결재] 버튼,,Confirm Modal,파트너에서 위수탁으로 매입처 변경 시도,,회원 유형이 달라 변경할 수 없습니다.,,,,,,확인,,
정산관리,매입 회계 전기,미처리,2. [매입처 변경 및 결재] 버튼,,Confirm Modal,회원유형 불일치,,회원 유형이 달라 변경할 수 없습니다.,,,,,,확인,,
정산관리,매입 회계 전기,미처리,2. [매입처 변경 및 결재] 버튼,,Confirm Modal,매입처 변경 결재 요청 대상에 부합하지 않는 경우,610,매입처 변경 결재가 필요한 실적이 존재합니다. 매입처가 변경된 실적은 결재를 요청하시기 바랍니다.,,,,,,,,
정산관리,매입 회계 전기,미처리,3. [회계 전표 전송] 모달에서 [확인] 버튼,,,증빙일 미입력,,증빙일을 입력해 주시기 바랍니다.,,,,,,,,
정산관리,매입 회계 전기,미처리,3. [회계 전표 전송] 모달에서 [확인] 버튼,,,증빙일 입력 + 전표일 미입력,,전표일을 입력해 주시기 바랍니다.,,,,,,,,
정산관리,매입 회계 전기,미처리,3. [회계 전표 전송] 모달에서 [확인] 버튼,,,거래처 MDM_ID가 없는 행이 존재할 경우,,거래처 SAP 채번 정보가 없습니다. n행,,,,,,,,
정산관리,매입 회계 전기,미처리,3. [회계 전표 전송] 모달에서 [확인] 버튼,,,이미 전표가 발행된 경우,605,이미 전표가 발행되었습니다.,정보/안내 메시지,,,,,확인,,
정산관리,매입 회계 전기,미처리,3. [회계 전표 전송] 모달에서 [확인] 버튼,,Confirm Modal,전표일이 증빙일보다 이전인 경우,,-,,,,,,확인,,
정산관리,매입 회계 전기,미처리,3. [회계 전표 전송] 모달에서 [확인] 버튼,,Confirm Modal,시도,,선택한 실적에 대한 회계 전표를 전송합니다.,,,,,취소,전송하기,,
정산관리,매입 회계 전기,미처리,3. [회계 전표 전송] 모달에서 [확인] 버튼,,Toast-Sucess,성공,,총 {{n}}건의 회계 전표 전송이 완료되었습니다.,정보/안내 메시지,-,-,-,-,-,,
정산관리,매입 회계 전기,미처리,3. [회계 전표 전송] 모달에서 [확인] 버튼,,,결재 요청 단계에서 회계전표전송 시,,회계 전표 전송에 실패했습니다.,,,매입처 변경 결재가 진행 중인 건이 있습니다. 해당 실적의 결재 여부 항목을 확인해 주시기 바랍니다.,,,,,
정산관리,매입 회계 전기,미처리,3. [회계 전표 전송] 모달에서 [확인] 버튼,,,결재 요청이 반려된 실적이 포함되어 있는 경우,,회계 전표 전송에 실패했습니다.,,,반려된 결재 요청 건이 포함되어 있어 전표를 전송할 수 없습니다. 해당 실적을 확인해 주시기 바랍니다.,,,,,
정산관리,매입 회계 전기,미처리,3. [회계 전표 전송] 모달에서 [확인] 버튼,,,매입처가 변경되었으나 결재 요청이 완료되지 않은 실적이 포함된 경우,,회계 전표 전송에 실패했습니다.,,,매입처가 변경된 실적이 포함되어 있습니다. 해당 실적에 대해 결재를 요청해 주시기 바랍니다.,,,,,
정산관리,매입 회계 전기,처리 완료,[조회] 버튼,,Toast-Caution,매입조직 미입력,,매입조직을 먼저 조회해 주세요.,,-,-,-,-,-,,
정산관리,매입 회계 전기 취소,취소 가능,[조회] 버튼,,Toast-Caution,전표부서 미입력,,전표부서를 먼저 조회해 주세요.,,-,-,-,-,-,,
정산관리,매입 회계 전기 취소,취소 가능,[회계 전표 취소] 버튼,,,지급일이 지난 전표가 포함된 경우,,회계 전표 취소에 실패했습니다.,,,지급일이 지난 회계전표는 취소할 수 없습니다. 지급일 이전의 전표만 선택해 주시기 바랍니다.,,,,,
정산관리,매입 회계 전기 취소,취소 가능,[회계 전표 취소] 버튼,,,성공,,,,,확인 필요,,,,,
정산관리,매뉴얼 매출/매입 입력,매출,새 매뉴얼 매출 만들기 > [등록] 버튼,,Confirm Modal,시도,,매뉴얼 매출건을 저장하시겠어요?,,,입력하신 매뉴얼 매출 정보가 시스템에 저장됩니다.,,취소,저장하기,,
정산관리,매뉴얼 매출/매입 입력,매출,새 매뉴얼 매출 만들기 > [등록] 버튼,,Toast-Caution,실패,,필수 정보를 입력해 주세요.,,-,-,-,-,-,,
정산관리,매뉴얼 매출/매입 입력,매출,새 매뉴얼 매출 만들기 > 모달 > [저장하기] 버튼,,Toast-Sucess,,,매뉴얼 매출 입력이 저장되었습니다.,정보/안내 메시지,-,-,-,-,-,,
정산관리,매뉴얼 매출/매입 입력,매출,[저장] 버튼,,Confirm Modal,시도,,"
변경된 매뉴얼 매출 정보가 바로 반영됩니다.
취소 / 저장하기",,,,,취소,저장하기,,
정산관리,매뉴얼 매출/매입 입력,매출,[결재 요청] 버튼,,Confirm Modal,시도,,"
입력하신 매뉴얼 매입 정보에 대해 결재가 요청됩니다. 이후 승인 절차가 진행됩니다.
취소 / 결재 요청하기",,,,,취소,결재 요청하기,,
정산관리,매뉴얼 매출/매입 입력,매출,[결재 요청] 버튼,,Toast-Sucess,성공,,매뉴얼 매출 {{n}}건의 결재요청이 완료되었습니다.,정보/안내 메시지,-,-,-,-,-,,
정산관리,매뉴얼 매출/매입 입력,매출,[삭제] 버튼,,Destructive Modal,시도,,"매뉴얼 매입 1건을 삭제하시겠어요?
삭제한 매입건은 복구할 수 없습니다.
취소 / 삭제하기",삭제/취소,,,,,,,
정산관리,매뉴얼 매출/매입 입력,매출,[삭제] 버튼,,Toast-Caution,결재완료 상태를 삭제 시도,,결재상태를 확인해 주세요.,,-,-,-,-,-,,
정산관리,매뉴얼 매출/매입 입력,매출,[삭제] 버튼,,Toast-Sucess,성공,,매뉴얼 매출 {{n}}건이 삭제되었습니다.,정보/안내 메시지,-,-,-,-,-,,
정산관리,매뉴얼 매출/매입 입력,매입,새 매뉴얼 매입 만들기 > [등록] 버튼,,Confirm Modal,시도,,매뉴얼 매입건을 저장하시겠어요?,,,입력하신 매뉴얼 매입 정보가 시스템에 저장됩니다.,,취소,저장하기,,
정산관리,매뉴얼 매출/매입 입력,매입,새 매뉴얼 매입 만들기 > [등록] 버튼,,Toast-Caution,실패,,필수 정보를 입력해 주세요.,,-,-,-,-,-,,
정산관리,매뉴얼 매출/매입 입력,매입,새 매뉴얼 매입 만들기 > [등록] 버튼,,Confirm Modal,실패,,매뉴얼 매입 입력이 저장에 실패했습니다.,,,허용 금액을 초과했습니다.,,-,확인,,
정산관리,매뉴얼 매출/매입 입력,매출,청구구분 변경 시도,모달 내 행동,Confirm Modal,매뉴얼 정산건인 경우,,청구구분값을 변경할 수 없습니다.,,,매뉴얼 정산건은 청구구분 변경이 불가합니다.,,-,확인,,
정산관리,매뉴얼 매출/매입 결재,매출,[반려] 버튼,,Destructive Modal,시도,,매뉴얼 매출건을 반려하시겠어요?,,,"해당 매출건이 반려되며, 이후 취소할 수 없습니다.",,취소,반려하기,,
정산관리,매뉴얼 매출/매입 결재,매출,[반려] 버튼,,Toast-Sucess,성공,,매뉴얼 매출 {{n}}건이 반려되었습니다.,정보/안내 메시지,-,-,-,-,-,,
정산관리,매뉴얼 매출/매입 결재,매출,[승인] 버튼,,Confirm Modal,시도,,매뉴얼 매출건을 승인하시겠어요?,,,"해당 매출건이 승인되며, 이후 수정할 수 없습니다.",,취소,승인하기,,
정산관리,매뉴얼 매출/매입 결재,매출,[승인] 버튼,,Confirm Modal,실패,,매뉴얼 매출 승인에 실패했습니다.,,,결재 중인 상태에서만 결재가 가능합니다.,,-,확인,,
정산관리,매뉴얼 매출/매입 결재,매출,[승인] 버튼,,Toast-Sucess,성공,,매뉴얼 매출 {{n}}건이 승인되었습니다.,정보/안내 메시지,-,-,-,-,-,,
정산관리,매뉴얼 매출/매입 결재,매입,[반려] 버튼,,Destructive Modal,시도,,"해당 매입건이 반려되며, 이후 취소할 수 없습니다.",,,,,취소,반려하기,,
정산관리,매뉴얼 매출/매입 결재,매입,[반려] 버튼,,Toast-Sucess,성공,,매뉴얼 매입 {{n}}건이 반려되었습니다.,정보/안내 메시지,-,-,-,-,-,,
정산관리,매뉴얼 매출/매입 결재,매입,[승인] 버튼,,Confirm Modal,시도,,"해당 매입건이 승인되며, 이후 수정할 수 없습니다.",,,,,취소,승인하기,,
정산관리,매뉴얼 매출/매입 결재,매입,[승인] 버튼,,Confirm Modal,실패,,결재 중인 상태에서만 결재가 가능합니다.,,,,,-,확인,,
정산관리,매뉴얼 매출/매입 결재,매입,[승인] 버튼,,Toast-Sucess,성공,,매뉴얼 매입 {{n}}건이 승인되었습니다.,정보/안내 메시지,-,-,-,-,-,,
정산관리,"FT, O-NE 매입 정산 관리",매입,[계정과목 변경] 버튼,,Confirm Modal,시도,,계정과목을 변경하시겠어요?,,,입력한 내용으로 계정과목 정보를 저장합니다. 변경한 내용을 저장하시려면 [저장하기]를 눌러주세요.,,취소,저장하기,,
정산관리,"FT, O-NE 매입 정산 관리",매입,[계정과목 변경] 버튼,,,실패,,계정과목 변경에 실패했습니다.,,,4번째 행은 이미 정산 확정 되었습니다.,,,확인,,
정산관리,"FT, O-NE 매입 정산 관리",매입,[계정과목 변경] 버튼,,Toast-Sucess,성공,,총 {{n}}건의 계정과목 정보가 성공적으로 변경되었습니다.,정보/안내 메시지,-,-,-,-,-,,
정산관리,진행매출결재관리,,,,Confirm Modal,매출확정일 기간이 30일 이상,,조회기간은 30일을 넘길 수 없습니다.,,-,-,-,-,확인,,
정산관리,진행매출결재관리,,[승인] 버튼,,,,,선택한 진행매출 건을 승인하시겠어요?,,,"해당 진행매출 건이 승인되며, 이후에는 수정할 수 없습니다.",,취소,승인하기,,
정산관리,진행매출결재관리,,[반려] 버튼,,,,,선택한 진행매출 건을 반려하시겠어요?,,,"해당 진행매출 건이 반려되며, 이후에는 취소할 수 없습니다.",,취소,반려하기,,
정산관리,진행매출결재관리,모달,[반려하기] 버튼,,Confirm Modal,결재완료 / 반려 상태 포함된 선택,600,반려에 실패했습니다. 잠시 후 다시 시도해주세요.,,,,,-,확인,,
정산관리,진행매출결재관리,,[승인] 버튼,,Confirm Modal,결재완료 / 반려 상태 포함된 선택,600,승인에 실패했습니다. 잠시 후 다시 시도해주세요.,,,,,-,확인,,
정산관리,진행매출결재관리,모달,[승인하기] 버튼,,Toast-Sucess,성공,,진행매출 {{n}}건이 승인되었습니다.,정보/안내 메시지,-,-,-,-,-,,
정산관리,진행매출결재관리,,[삭제] 버튼,,Destructive Modal,,,선택한 진행매출 건을 삭제하시겠어요?,삭제/취소,,"삭제된 진행매출 건은 복구할 수 없습니다.
- > 일반 컨펌 모달인데 delete modal로 디자인 수정 필요",,취소,삭제하기,,
정산관리,진행매출결재관리,,[삭제] 버튼,,Confirm Modal,기안자가 아닌 사용자가 삭제하려는 경우,,삭제할 수 없는 실적입니다.,,,실적 삭제는 기안자만 가능합니다. 본인이 기안한 실적인지 다시 한 번 확인해 주시기 바랍니다.,,-,확인,,
정산관리,진행매출결재관리,,[반려] 버튼,,Confirm Modal,결재자가 아닌 사용자가 반려하려는 경우,,반려할 수 없는 실적입니다.,,,반려 기능은 결재자만 사용 가능합니다. 각 조직별 결재자 정보는 기준정보 > 진행매출 결재자 정보 메뉴에서 확인 가능합니다.,,-,확인,,
정산관리,진행매출결재관리,,[승인] 버튼,,Confirm Modal,결재자가 아닌 사용자가 승인하려는 경우,,승인할 수 없는 실적입니다.,,,승인 기능은 결재자만 사용 가능합니다. 각 조직별 결재자 정보는 기준정보 > 진행매출 결재자 정보 메뉴에서 확인 가능합니다.,,-,확인,,
정산관리,진행매출결재관리,모달,[삭제하기] 버튼,,Toast-Sucess,성공 (결재완료/반려),,진행매출 {{n}}건이 삭제되었습니다.,정보/안내 메시지,-,-,-,-,-,,
정산관리,매입처 변경 결재관리,,구분/고객사명/상차지가 동일한 정보 생성 시,,,,,,,,구분/고객사명/상차지가 {n}번째 열과 동일한 정보입니다.,,,,,
정산관리,정산조직변경,[조직 정보 변경] 모달,[변경하기] 버튼,,Confirm Modal,시도,,정산 조직 정보를 변경하시겠어요?,,,"입력한 내용으로 정산 조직 정보를 저장합니다.
변경한 내용을 저장하시려면 [저장하기]를 눌러주세요.",,취소,저장하기,,
정산관리,정산조직변경,[조직 정보 변경] 모달,[변경하기] 버튼,,,실패,,정산조직변경에 실패했습니다.,,,4번째 행은 이미 정산 확정 되었습니다.,,,확인,,
정산관리,정산조직변경,[조직 정보 변경] 모달,[변경하기] 버튼,,Toast-Sucess,성공,,총 {{n}}건의 정산조직변경이 완료되었습니다.,정보/안내 메시지,-,-,-,-,-,,
정산관리,개별차주 지급내역,,케이스 확인 필요,,,,,,,,,,,,,
정산관리,회계전표현황,,케이스 확인 필요,,,,,,,,,,,,,
정산관리,매입/매출 실적 상세,,케이스 확인 필요,,,,,,,,,,,,,
정산관리,진행매출표준화,,[저장] 버튼,,Confirm Modal,계약서유무 미입력,,입력되지 않은 필수 항목이 있습니다.,,,계약서 보유 여부를 선택해 주시기 바랍니다.,,-,확인,,
정산관리,진행매출표준화,,[저장] 버튼,,Confirm Modal,계약기간 시작일 미입력,,입력되지 않은 필수 항목이 있습니다.,,,계약기간을 입력해 주시기 바랍니다.,,-,확인,,
정산관리,진행매출표준화,,[저장] 버튼,,Confirm Modal,계약기간 종료일 미입력,,입력되지 않은 필수 항목이 있습니다.,,,계약기간을 입력해 주시기 바랍니다.,,-,확인,,
정산관리,진행매출표준화,,[저장] 버튼,,Confirm Modal,계약기간 시작일이 종료일보다 늦은 경우,,계약기간 시작일이 계약기간 종료일보다 과거일입니다.,,,,,-,확인,,
정산관리,진행매출표준화,,[저장] 버튼,,Confirm Modal,계약서 및 기타 첨부 미입력,,입력되지 않은 필수 항목이 있습니다,,,계약서 또는 기타 첨부파일을 업로드해 주시기 바랍니다.,,-,확인,,
정산관리,진행매출표준화,,[저장] 버튼,,Confirm Modal,유형 (1) 미입력,,입력되지 않은 필수 항목이 있습니다,,,유형을 선택해 주시기 바랍니다.,,-,확인,,
정산관리,진행매출표준화,,[저장] 버튼,,Confirm Modal,세부유형 (1-1) 미입력,,입력되지 않은 필수 항목이 있습니다,,,세부유형(1-1)을 선택해 주시기 바랍니다.,,-,확인,,
정산관리,진행매출표준화,,[저장] 버튼,,Confirm Modal,금액 산출근기 (2) 미입력,,입력되지 않은 필수 항목이 있습니다,,,금액 산출근기(2)를 선택해 주시기 바랍니다.,,-,,,
정산관리,진행매출표준화,,[저장] 버튼,,Confirm Modal,금액 산출근기 (2-1) 미입력,,입력되지 않은 필수 항목이 있습니다,,,금액산출근기(2-1)에 대한 자료를 첨부해 주시기 바랍니다.,,-,,,
정산관리,진행매출표준화,,[저장] 버튼,,Confirm Modal,금액 산출근기 (2-2) 미입력,,입력되지 않은 필수 항목이 있습니다,,,"아래 금액 산출 근기를 모두 입력해  주시기 바랍니다.
(원가전표번호, 원가발생월, 원가금액, 원가항목, 직접이익율)",,-,,,
정산관리,진행매출표준화,,[저장] 버튼,,Confirm Modal,청구예정월 미입력,,입력되지 않은 필수 항목이 있습니다,,,청구예정월을 입력해 주시기 바랍니다.,,-,,,
정산관리,진행매출표준화,,[저장] 버튼,,Confirm Modal,청구예정월이 증빙일 보다 과거날짜,,청구예정월이 증빙일 보다 과거일입니다.,,,,,-,,,
정산관리,진행매출표준화,,[저장] 버튼,,Confirm Modal,청구예정월 미준수 사유 미입력,,청구예정월 미준수 사유를 입력하세요.,,,,,-,,,
정산관리,진행매출표준화,,[저장] 버튼,,Toast-Sucess,성공,,총 {{n}}건의 진행매출표준화건이 저장되었습니다.,정보/안내 메시지,-,-,-,-,-,,
정산관리,진행매출표준화,,[삭제] 버튼,,Destructive Modal,해당 결재요청의 작성자(요청자) 본인일 경우만 삭제 가능,,진행매출표준화건을 삭제하시겠습니까?,삭제/취소,,삭제하면 해당 진행매출표준화건은 복구할 수 없습니다.,,취소,삭제하기,,
정산관리,진행매출표준화,,[삭제] 버튼,,Toast-Sucess,성공,,총 {{n}}건의 진행매출표준화건이 삭제되었습니다.,정보/안내 메시지,-,-,-,-,-,,
회원관리,화주(13코드)/파트너,,[저장] 버튼,,Confirm Modal,사업자 등록증 이미지 미첨부,,사업자 등록증 필수 정보를 입력해 주세요.,,-,-,-,-,확인,,
회원관리,화주(13코드),,[저장] 버튼,,Toast-Sucess,성공,,화주(13코드) 정보가 저장되었습니다.,정보/안내 메시지,-,-,-,-,-,,
회원관리,화주(13코드),,[저장] 버튼,,Toast-Sucess,성공,,화주 회원이 수정되었습니다,,-,-,-,-,-,,
회원관리,화주(13코드),,[MDM 상신] 버튼,,Toast-Caution,실패,,e증빙 업로드 버튼을 먼저 클릭해 주세요.,,-,-,-,-,-,,
회원관리,화주(13코드),,[e증빙 업로드] 버튼,,Toast-Sucess,성공,,e증빙 업로드 요청했습니다.,,-,-,-,-,-,,
회원관리,화주(13코드),,[MDM 상신] 버튼,,Toast-Sucess,성공,,MDM 승인 요청을 상신했습니다.,,-,-,-,-,-,,
회원관리,화주(10코드),,[저장] 버튼,,Toast-Caution,실패,,필수 정보를 입력해 주세요.,,-,-,-,-,-,,
회원관리,화주(10코드),,[저장] 버튼,,Toast-Sucess,성공,,화주(10코드) 정보가 저장되었습니다.,정보/안내 메시지,-,-,-,-,-,,
회원관리,화주(10코드),,[저장] 버튼,,Toast-Sucess,성공,,일반 화주가 수정되었습니다,,-,-,-,-,-,,
회원관리,화주(10코드),,새 회원 등록하기 > [회원 등록] 버튼,,Toast-Caution,실패,,필수 정보를 입력해 주세요.,,-,-,-,-,-,,
회원관리,화주(10코드),,새 회원 등록하기 > [회원 등록] 버튼,,Toast-Sucess,성공,,화주(10코드)가 등록되었습니다.,정보/안내 메시지,-,-,-,-,-,,
회원관리,화주(10코드),상세,[추가] ,,Toast-Sucess,성공,,서브 계정이 생성되었습니다.,정보/안내 메시지,-,-,-,-,-,,
회원관리,파트너,새 회원 등록하기,[회원 등록] 버튼,,Toast-Caution,실패,,사업자 번호 필수 정보를 입력해 주세요.,,-,-,-,-,-,,
회원관리,파트너,새 회원 등록하기,[회원 등록] 버튼,,Toast-Caution,실패,,사업자명(법인명) 필수 정보를 입력해 주세요.,,-,-,-,-,-,,
회원관리,파트너,새 회원 등록하기,[회원 등록] 버튼,,Toast-Caution,실패,,대표자명 필수 정보를 입력해 주세요.,,-,-,-,-,-,,
회원관리,파트너,새 회원 등록하기,[회원 등록] 버튼,,Toast-Caution,실패,,법인등록번호 필수 정보를 입력해 주세요.,,-,-,-,-,-,,
회원관리,파트너,새 회원 등록하기,[회원 등록] 버튼,,Toast-Caution,실패,,사업장 주소 필수 정보를 입력해 주세요.,,-,-,-,-,-,,
회원관리,파트너,새 회원 등록하기,[회원 등록] 버튼,,Toast-Caution,실패,,업태 필수 정보를 입력해 주세요.,,-,-,-,-,-,,
회원관리,파트너,새 회원 등록하기,[회원 등록] 버튼,,Toast-Caution,실패,,업종 필수 정보를 입력해 주세요.,,-,-,-,-,-,,
회원관리,파트너,새 회원 등록하기,[회원 등록] 버튼,,Toast-Caution,실패,,사업자 유형 필수 정보를 입력해 주세요.,,-,-,-,-,-,,
회원관리,파트너,새 회원 등록하기,[회원 등록] 버튼,,Toast-Caution,실패,,인사조직 필수 정보를 입력해 주세요.,,-,-,-,-,-,,
회원관리,파트너,새 회원 등록하기,[회원 등록] 버튼,,Toast-Caution,실패,,코스트 센터 필수 정보를 입력해 주세요.,,-,-,-,-,-,,
회원관리,파트너,새 회원 등록하기,[회원 등록] 버튼,,Toast-Caution,실패,,과세 유형 필수 정보를 입력해 주세요.,,-,-,-,-,-,,
회원관리,파트너,새 회원 등록하기,[회원 등록] 버튼,,Toast-Caution,실패,,수금/지급 조건 필수 정보를 입력해 주세요.,,-,-,-,-,-,,
회원관리,파트너,새 회원 등록하기,[회원 등록] 버튼,,Toast-Sucess,성공,,파트너 회원이 등록되었습니다.,정보/안내 메시지,-,-,-,-,-,,
회원관리,파트너,상세,[저장] 버튼,,Confirm Modal,사업자 등록증 미첨부,,사업자 등록증 필수 정보를 입력해 주세요.,,-,-,-,-,확인,,
회원관리,파트너,상세,[저장] 버튼,,Toast-Caution,통장 사본 미첨부,,통장 사본 필수 정보를 입력해 주세요.,,-,-,-,-,-,,
회원관리,파트너,상세,[저장] 버튼,,Toast-Sucess,성공,,파트너 회원이 수정되었습니다.,정보/안내 메시지,-,-,-,-,-,,
회원관리,파트너,상세,[MDM 상신] 버튼,,Toast-Caution,실패,,e증빙 확인 버튼을 먼저 클릭해 주세요.,,-,-,-,-,-,,
회원관리,파트너,상세,[MDM 상신] 버튼,,Toast-Sucess,성공,,MDM 승인 요청을 상신했습니다.,,-,-,-,-,-,,
회원관리,파트너,,[e증빙 업로드] 버튼,,Toast-Sucess,,,e증빙 업로드를 요청했습니다.,,-,-,-,-,-,,
회원관리,차주,새 회원 등록하기,[회원 등록] 버튼,,Toast-Caution,실패,,사업자 번호 필수 정보를 입력해 주세요.,,-,-,-,-,-,,
회원관리,차주,새 회원 등록하기,[회원 등록] 버튼,,Toast-Caution,실패,,사업자명(법인명) 필수 정보를 입력해 주세요.,,-,-,-,-,-,,
회원관리,차주,새 회원 등록하기,[회원 등록] 버튼,,Toast-Caution,실패,,대표자명 필수 정보를 입력해 주세요.,,-,-,-,-,-,,
회원관리,차주,새 회원 등록하기,[회원 등록] 버튼,,Toast-Caution,실패,,법인등록번호 필수 정보를 입력해 주세요.,,-,-,-,-,-,,
회원관리,차주,새 회원 등록하기,[회원 등록] 버튼,,Toast-Caution,실패,,사업장 주소 필수 정보를 입력해 주세요.,,-,-,-,-,-,,
회원관리,차주,새 회원 등록하기,[회원 등록] 버튼,,Toast-Caution,실패,,업태 필수 정보를 입력해 주세요.,,-,-,-,-,-,,
회원관리,차주,새 회원 등록하기,[회원 등록] 버튼,,Toast-Caution,실패,,업종 필수 정보를 입력해 주세요.,,-,-,-,-,-,,
회원관리,차주,새 회원 등록하기,[회원 등록] 버튼,,Toast-Caution,실패,,사업자 유형 필수 정보를 입력해 주세요.,,-,-,-,-,-,,
회원관리,차주,새 회원 등록하기,[회원 등록] 버튼,,Toast-Caution,실패,,인사조직 필수 정보를 입력해 주세요.,,-,-,-,-,-,,
회원관리,차주,새 회원 등록하기,[회원 등록] 버튼,,Toast-Caution,실패,,코스트 센터 필수 정보를 입력해 주세요.,,-,-,-,-,-,,
회원관리,차주,새 회원 등록하기,[회원 등록] 버튼,,Toast-Caution,실패,,과세 유형 필수 정보를 입력해 주세요.,,-,-,-,-,-,,
회원관리,차주,새 회원 등록하기,[회원 등록] 버튼,,Toast-Caution,실패,,수금/지급 조건 필수 정보를 입력해 주세요.,,-,-,-,-,-,,
회원관리,차주,새 회원 등록하기,[회원 등록] 버튼,,Toast-Sucess,성공,,차주 회원이 등록되었습니다.,정보/안내 메시지,-,-,-,-,-,,
회원관리,차주,새 회원 등록하기,[회원 등록] 버튼,,Confirm Modal,사업자 번호 미인증시,,사업자 번호 인증을 진행해 주세요.,,-,-,-,-,확인,,
회원관리,차주,새 회원 등록하기,사업자 번호 [인증] 버튼,,Cell-level Error,,119,"등록할 수 없는 사업자 번호입니다. (모달/토스트 케이스가 아닌, 필드 알럿 케이스)",,,,,,,,
회원관리,차주,새 회원 등록하기,[회원 등록] 버튼,,Confirm Modal,,,필수 정보를 입력해 주세요.,,-,-,-,-,확인,,
회원관리,차주,상세,[저장] 버튼,,Confirm Modal,사업자 등록증 미첨부,,사업자 등록증 필수 정보를 입력해 주세요.,,-,-,-,-,확인,,
회원관리,차주,상세,[저장] 버튼,,Toast-Sucess,,,차주 회원이 수정되었습니다.,정보/안내 메시지,-,-,-,-,-,,
회원관리,차주,상세,[저장] 버튼,,Toast-Sucess,,,e증빙 업로드 요청했습니다.,,-,-,-,-,-,,
회원관리,차주,상세,[MDM 상신] 버튼,,Toast-Caution,,,계좌 인증 또는 통장 사본을 업로드해 주세요.,,-,-,-,-,-,,
회원관리,차주,상세,[MDM 상신] 버튼,,Toast-Caution,,,e증빙 확인 버튼을 먼저 클릭해 주세요.,,-,-,-,-,-,,
회원관리,차주,상세,[MDM 상신] 버튼,,Toast-Sucess,성공,,MDM 승인 요청을 상신했습니다.,,-,-,-,-,-,,
회원관리,출장소,새 회원 등록하기,[회원 등록] 버튼,버튼 클릭,,,,,,,,,,,,
회원관리,출장소,새 회원 등록하기,[회원 등록] 버튼,버튼 클릭,,,,,,,,,,,,
회원관리,출장소,,새 회원 등록하기 > [회원 등록] 버튼,,,,102,"102 [ Validation failed for argument [0] in public ai.unban.tms.admin.member.dto.CustomerBranchCreateDto$Response ai.unban.tms.admin.member.controller.CustomerBranchController.create(ai.unban.tms.admin.member.dto.CustomerBranchCreateDto$Request)
with 2 errors: [Field error in object 'request' on field 'mdmCorporationCode': rejected value []; codes [NotEmpty.request.mdmCorporationCode,NotEmpty.mdmCorporationCode,NotEmpty.java.lang.String,NotEmpty]; arguments .[org.springframework.context.support.DefaultMessageSourceResolvable: codes [request.mdmCorporationCode,mdmCorporationCode];
arguments D; default message [mdmcorporationcode]]; default message [비어 있을 수 없습니다]] [Field error in object request on field
[NotNull.request.commonMdmCustomerld,NotNull.commonMdmCustomerld,NotNull.java.lang.Long,NotNull]; arguments
[org.springframework.context.support.DefaultMessageSourceResolvable: codes [request.commonMdmCustomerld,commonMdmCustomerid];



MDM 코드 arguments Dj default message [commonMdmCustomerld]]; default message [널이어서는 안됩니다]]

*MDM에 등록되지 않은 화주사 등록 시 발생되는 케이스로 보임. (오류)",,,,,,,,
회원관리,출장소,,이탈,,Confirm Modal,,,화면을 나가면 작성된 정보가 삭제됩니다. 나가시겠어요?,,,,,취소,나가기,,
회원관리,중지 회원,상세,[저장] 버튼,,Toast-Caution,실패,,s is not a function (기능 미구현),,-,-,-,-,-,,
회원관리,중지 회원,상세,[저장] 버튼,,,사업자 등록증 미첨부,,,,,,,,,,
회원관리,중지 회원,상세,[MDM 상신] 버튼,,Toast-Caution,실패,,e증빙 확인 버튼을 먼저 클릭해 주세요.,,-,-,-,-,-,,
회원관리,중지 회원,상세,[MDM 상신] 버튼,,,실패,108,,,,,,,,,
기준정보,매뉴얼 정산 기준,,[저장] 버튼,,Toast-Sucess,Limit 허용금액 항목 저장 성공,,총 {{n}}건의 Limit 허용금액 정보가 저장되었습니다. -> 아무것도 없을때 0건으로 노출 (공통규정 적용?),정보/안내 메시지,-,-,-,-,-,,
기준정보,매뉴얼 정산 기준,,[조회] 버튼,,Toast-Caution,인사 조직 영역 비어있는 경우,,인사 조직을 입력해 주세요. (추가 필요),,-,-,-,-,-,,
기준정보,매뉴얼 정산 기준,,이탈,,Destructive Modal,,,수정한 {{n}}건을 저장하지 않고 나가시겠습니까?,,,저장하지 않으면 변경한 정보는 모두 사라집니다.,,취소,나가기,,
기준정보,매뉴얼 정산 기준,,Toggle ON,,Toast-Sucess,"값은 이미 입력되어 있음, 사용 여부만 제어",,총 {{n}}건의 Limit 허용금액이 적용되었습니다.,정보/안내 메시지,-,-,-,-,-,,
기준정보,매뉴얼 정산 기준,,Toggle OFF,,Toast-Sucess,"값은 이미 입력되어 있음, 사용 여부만 제어",,총 {{n}}건의 Limit 허용금액이 적용되지 않도록 설정되었습니다.,정보/안내 메시지,-,-,-,-,-,,
기준정보,직접비화 룰 관리,,[행 삭제] 버튼,,,체크박스 미선택,,아무것도 나타나지 않음,,,,,,,,
기준정보,직접비화 룰 관리,,[행 삭제] 버튼,,,1개 이상의 항목 선택,,미작동 -> 추가된 행 내에서만 삭제 가능하다면 선택 불가능한 기존 행들은 disabled 처리되어야 할 것 같음,,,,,,,,
기준정보,직접비화 룰 관리,,[등록] 버튼,,Confirm Modal,행 추가 후 정보 미입력시,,필수 정보를 입력해 주세요.,,-,-,-,-,확인,,
기준정보,직접비화 룰 관리,,[등록] 버튼,,Confirm Modal,"구분, 고객사명, 상차지가 기존 항목({n}번째)과 동일",,"{{n}}번째 행과 동일한 정보(구분, 고객사, 상차지)는 등록할 수 없습니다.",,-,-,-,-,확인,,
기준정보,직접비화 룰 관리,,[등록] 버튼,,Toast-Sucess,,,{{n}}개의 직접비화룰이 등록되었습니다. (개 -> 건 통일 필요),정보/안내 메시지,-,-,-,-,-,,
기준정보,진행 매출 결재자 정보,새 진행매출결재자정보,[등록] 버튼,,,인사조직 중복,600,600 [ 이미 생성 된 조직입니다. ],,,,,,,,
기준정보,진행 매출 결재자 정보,새 진행매출결재자정보,[등록] 버튼,,Toast-Sucess,모든 항목 입력 후 등록 성공,,진행 매출 결재자 정보가 등록되었습니다.,정보/안내 메시지,-,-,-,-,-,,
기준정보,진행 매출 결재자 정보,새 진행매출결재자정보,[등록] 버튼,,Confirm Modal,시스템 오류 등으로 인한 실패,,진행매출 결재자 정보 등록에 실패하였습니다.,,,다시 시도해 주시기 바랍니다.,,-,확인,,
기준정보,진행 매출 결재자 정보,새 진행매출결재자정보,[등록] 버튼,,Confirm Modal,필수항목(인사조직) 미입력,,인사조직을 입력해 주시기 바랍니다.,,,,,,확인,,
기준정보,진행 매출 결재자 정보,상세,[저장] 버튼,,Toast-Sucess,정보 수정 후 저장 성공,,진행매출 결재자 정보가 저장되었습니다.,정보/안내 메시지,-,-,-,-,-,,
기준정보,진행 매출 결재자 정보,상세,[저장] 버튼,,Confirm Modal,수정 권한이 없는 계정,600,,,,,,-,확인,,
기준정보,진행 매출 결재자 정보,상세,[저장] 버튼,,Confirm Modal,시스템 오류 등으로 인한 실패,,다시 시도해 주시기 바랍니다.,,,,,,확인,,
기준정보,허용 지급조건관리,,[등록] 버튼,,Confirm Modal,아무런 행 추가도 없는 경우,,행을 추가한 후 등록해 주세요. ,,,,,,확인,,
기준정보,허용 지급조건관리,,[등록] 버튼,,Confirm Modal,행 추가 후 정보 미입력,,확인 후 다시 시도해 주세요.,,,,,,확인,,
기준정보,허용 지급조건관리,,행 추가 후 [등록] 버튼,,Confirm Modal,동일한 지급조건이 이미 있는 상태 > 행추가 > 등록,,이미 등록된 지급조건입니다. 목록을 확인해주세요.,,-,-,-,-,확인,,
기준정보,허용 지급조건관리,,행 추가 후 [등록] 버튼,,Toast-Sucess,"입력값 유효, 저장 성공",,총 {{n}}건의 허용 지급조건이 등록되었습니다. 개 -> 건,정보/안내 메시지,-,-,-,-,-,,
기준정보,허용 지급조건관리,,Toggle ON,,Toast-Sucess,"값은 이미 입력되어 있음, 사용 여부만 제어",,지급조건 [TB15-K] 사용이 설정되었습니다.,정보/안내 메시지,-,-,-,-,-,,
기준정보,허용 지급조건관리,,Toggle OFF,,Toast-Sucess,"값은 이미 입력되어 있음, 사용 여부만 제어",,지급조건 [TB15-K] 사용이 해제되었습니다.,정보/안내 메시지,-,-,-,-,-,,
기준정보,매입처별 지급조건관리,,,,,,,"101 [ Cannot invoke ""java.lang.Comparable.compareTo(Object)"" because the return value of ""java.util.function.Function.apply(Object)"" is null ]",,,,,,,,
기준정보,매입처별 지급조건관리,,,,,,,Application error: a client-side exception has occurred (see the browser console for more information).,,,,,,,,
기준정보,매입처별 지급조건관리,,[저장] 버튼,,Confirm Modal,지급조건 미입력,,필수 항목을 입력해 주시기 바랍니다.,,,지급조건을 선택해 주시기 바랍니다.,,,확인,,
기준정보,매입처별 지급조건관리,,[저장] 버튼,,Confirm Modal,동일한 지급조건을 이미 등록한 상태,,이미 등록된 지급조건입니다.,,,동일한 지급조건(Y006-K)은 현재 파트너에 등록되어 있습니다. 다른 조건을 선택해 주시기 바랍니다.,,,확인,,
기준정보,매입처별 지급조건관리,,페이지 이동 시도,,Confirm Modal,수정사항이 존재하나 저장하지 않은 상태,,저장하지 않고 나가시겠습니까?,데이터 변경 확인,,저장하지 않으면 변경한 정보는 모두 사라집니다.,,취소,나가기,,
기준정보,매입처별 지급조건관리,,[등록 요청] 버튼,,,시도,,해당 지급조건을 등록 요청하시겠습니까?,데이터 변경 확인,,등록 요청이 완료되기 전까지는 다른 지급조건 등록·삭제 요청이 불가능합니다.,,취소,등록 요청,,
기준정보,매입처별 지급조건관리,,[등록 요청] 버튼,,Toast-Sucess,입력 필수 항목을 채운 상태에서 등록 요청 성공,,지급조건 등록 요청이 완료되었습니다.,정보/안내 메시지,-,-,-,-,-,,
기준정보,매입처별 지급조건관리,,[삭제 요청] 버튼,,Confirm Modal,1개 항목 선택 ,,지급조건 삭제 요청을 하시겠습니까?,데이터 변경 확인,,"삭제 요청이 승인되면 해당 지급 조건은 복구할 수 없습니다.
취소 / 삭제요청",,취소,삭제요청,,
기준정보,매입처별 지급조건관리,,[삭제 요청] 버튼,,,,,105 [ 계좌 정보 또는 통장 사본을 찾을 수 없습니다. ],,,,,,,,
기준정보,매입처별 지급조건관리,,[삭제 요청] 버튼,,Toast-Sucess,성공,,지급조건 삭제 요청이 완료되었습니다.,정보/안내 메시지,-,-,-,-,-,,
기준정보,매입처별 지급조건관리,,[삭제 요청 취소] 버튼,,Confirm Modal,해당 결재요청의 작성자(요청자) 본인일 경우만 삭제 요청 취소 가능,,삭제 요청을 취소하시겠습니까?,데이터 변경 확인,,취소하면 지급조건은 그대로 유지됩니다.,,취소,삭제 요청 취소,,
기준정보,매입처별 지급조건관리,,[삭제 요청 취소] 모달 > 확인,,Confirm Modal,성공,,삭제 요청이 취소되었습니다.,정보/안내 메시지,-,-,-,-,확인,,
기준정보,매입처별 지급조건관리,,[승인] 버튼,,,유효성 통과하여 승인 가능한 상태,,지급조건을 승인하시겠습니까?,데이터 변경 확인,,승인 후에는 되돌릴 수 없습니다.,,취소,승인하기,,
기준정보,매입처별 지급조건관리,,[승인] 버튼,,,유효성 통과하여 승인 성공,,지급조건이 승인되었습니다.,정보/안내 메시지,,,,,,,
기준정보,매입처별 지급조건관리,,[반려] 버튼,,,반려 처리 시도,,결재 요청을 반려하시겠습니까?,데이터 변경 확인,,,,,,,
기준정보,매입처별 지급조건관리,,[반려] 버튼,,,결재자가 반려를 수행하고 성공했을 경우,,결재 요청이 반려되었습니다.,정보/안내 메시지,,반려하면 해당 결재 요청은 복구할 수 없습니다.,,취소,반려하기,,
기준정보,매입처별 지급조건관리,,[반려] 버튼,,,시스템 오류 등으로 인한 실패,,결재 반려 처리에 실패하였습니다. 다시 시도해 주시기 바랍니다.,,,,,-,확인,,
기준정보,차량관리,협력사,새 차량 등록하기 > [차량 등록] 버튼,,,소속 협력사 미입력,,,,,아무것도 나타나지 않음,,,,,
기준정보,차량관리,협력사,[중복 확인] 버튼,,Toast-Caution,차량번호 미입력,,차량번호를 입력해주세요.,,-,-,-,-,-,,
기준정보,차량관리,협력사,새 차량 등록하기 > [차량 등록] 버튼,,,전부 입력,,,,,아무것도 나타나지 않음,,,,,
기준정보,차량관리,협력사,상세 > [저장] 버튼,,,성공,,,,,아무것도 나타나지 않음,,,,,
기준정보,차량관리,협력사,상세 > [저장] 버튼,,,소속 운전자 활성 여부 중 활성화가 1개 미만 2개 이상,400,[ 활성화 차량은 하나의 운전자만 가능합니다. ],,,,,,,,
기준정보,차량관리,협력사,상세 > [저장] 버튼,,,소속 운전자 정보 미입력시,101, [ The given id must not be null ],,,,,,,,
기준정보,차량관리,협력사,상세 > [저장] 버튼,,,중복된 운전자 정보 입력시,,아무것도 나타나지 않음 / 디자인상 문구 : 동일한 운전자가 존재합니다.,,,,,,,,
기준정보,차량관리,협력사,상세 > [저장] 버튼,,Cell-level Error,차종 미입력시,,,,,필수 정보를 입력해 주세요.,,,,,
기준정보,차량관리,협력사,[삭제] 버튼,,Destructive Modal,,,차량을 삭제하시겠어요?,삭제/취소,,"삭제 시, 더 이상 이 차량으로 배차를 진행할 수 없습니다.",,취소,삭제하기,,
기준정보,차량관리,협력사,[삭제] 버튼,,,성공,,아무것도 나타나지 않음,,,,,,,,
기준정보,차량관리,협력사,협력사 운전자 관리 > [삭제] 버튼,,,,,아무것도 나타나지 않고 바로 삭제됨,,,,,,,,
기준정보,차량관리,협력사,협력사 운전자 관리 > [추가] 버튼,,,,,아무것도 나타나지 않고 바로 추가됨,,,,,,,,
기준정보,차량관리,위수탁,[앱 초대하기] 버튼,,,아마 운전자 연락처 공란,101 [ 101 ],101 [ 101 ],,,,,,,,
기준정보,차량관리,위수탁,상세 > [저장] 버튼,,,,,아무것도 나타나지 않음,,,,,,,,
기준정보,차량관리,위수탁,상세 > [저장] 버튼,,,N/A 코스트 센터 선택,,아무것도 나타나지 않음,,,,,,,,
기준정보,품목관리,,유효성 검사 -,,,,,,,,,,,,,
기준정보,공통 코드 관리,,사용 여부 변경,,Confirm Modal,,,수정되었습니다.,정보/안내 메시지,,,,,확인,,
설정,메뉴 관리,메인 메뉴,[저장] 버튼,,Toast-Sucess,,,메인 메뉴 저장에 성공하였습니다.,,-,-,-,-,-,,
설정,메뉴 관리,서브 메뉴,[저장] 버튼,,,,,101 [ The given id must not be null ],,,,,,,,
설정,메뉴 접근 권한,새 권한 생성하기,[권한 생성] 버튼,,Toast-Caution,권한명 미입력,,권한명을 입력해주세요.,,-,-,-,-,-,,
설정,메뉴 접근 권한,새 권한 생성하기,[권한 생성] 버튼,,Toast-Sucess,권한명 입력 완료,,권한이 생성되었습니다.,정보/안내 메시지,-,-,-,-,-,,
설정,메뉴 접근 권한,상세,[저장] 버튼,,Toast-Sucess,내용 수정,,권한이 수정되었습니다.,정보/안내 메시지,-,-,-,-,-,,
설정,관리자 계정 관리,,[새 관리자 계정 생성] 버튼,,,오류,,,,,,,,,,
설정,관리자 계정 관리,상세,,,,송지예님 더블클릭,,,,,,,,,,
설정,관리자 계정 관리,상세,[저장] 버튼,,,양식에 맞지 않는 휴대폰 번호 입력,,,,,,,,,,
설정,관리자 계정 관리,상세,[저장] 버튼,,,성공,,,,,,,,,,
설정,사업자 그룹 관리,새 사업자 그룹 등록하기,[등록] 버튼,,Toast-Caution,사업자 그룹명 미입력,,사업자 그룹명 필수 정보를 입력해 주세요.,,-,-,-,-,-,,
설정,사업자 그룹 관리,새 사업자 그룹 등록하기,[등록] 버튼,,Toast-Caution,소속 고객사 미입력,,소속 고객사는 필수 정보입니다.,,-,-,-,-,-,,
설정,사업자 그룹 관리,새 사업자 그룹 등록하기,[등록] 버튼,,Toast-Sucess,성공,,사업자 그룹이 등록되었습니다.,,-,-,-,-,-,,
설정,사업자 그룹 관리,상세,[저장] 버튼,,Toast-Caution,계정 정보 미입력,,메인 계정 아이디 필수 정보를 입력해 주세요.,,-,-,-,-,-,,
설정,사업자 그룹 관리,상세,[저장] 버튼,,Toast-Caution,이름 미입력,,메인 계정 이름 필수 정보를 입력해 주세요.,,-,-,-,-,-,,
설정,사업자 그룹 관리,상세,[저장] 버튼,,Toast-Caution,휴대폰 번호 미입력,,메인 계정 휴대폰 필수 정보를 입력해 주세요.,,-,-,-,-,-,,
설정,사업자 그룹 관리,상세,[저장] 버튼,,Toast-Caution,휴대폰 번호 숫자만 입력,,"102 [Validation failed for argument [0] in public ai.unban.tms.admin.member.dto.CustomerGroupUpdateDto$Response ai.unban.tms.admin.member.controller.CustomerGroupController.update(ai.unban.tms.admin.member.dto.CustomerGroupUpdateDto$Request):
. [Field error in object 'request' on field 'mainUserinfo.isUsed': rejected value [null]; codes
[NotNull.request.mainUserInfo.isUsed,NotNull.mainUserInfo.isUsed,NotNull.isUsed,NotNull.java.lang.Boolean,NotNull]; arguments
[org.springframework.context.support.DefaultMessageSourceResolvable: codes [request.mainUserInfo.isUsed,mainUserInfo.isUsed]; arguments
D; default message [mainuserinfo.isused]]: default message [널이어서는 안됩니다]]",,-,-,-,-,-,,
,월대 차량 정산,,[조회] 버튼,,Toast-Caution,화주명 미입력,,화주를 선택해 주세요.,,-,-,-,-,-,,
,월대 차량 정산,,[조회] 버튼,,Toast-Caution,코스트센터 미입력,,코스트센터를 선택해 주세요.,,-,-,-,-,-,,
,월대 차량 정산,,[매출 정산 확정] 버튼,,Confirm Modal,시도,,선택한 실적의 매출 정산을 확정합니다.,,,,,취소,매출 정산 확정하기,,
,월대 차량 정산,,[매출 정산 확정] 버튼,,Confirm Modal,실패,,잠시 후 다시 시도해주세요.,,,,,-,확인,,
,월대 차량 정산,,[매출 정산 확정] 버튼,,Toast-Sucess,성공,,총 {{n}}건의 매출 정산 확정이 완료되었습니다.,정보/안내 메시지,-,-,-,-,-,,
,월대 차량 정산,,[매입 정산 확정] 버튼,,Confirm Modal,시도,,총 {{n}}건에 대해 정산이 확정 처리됩니다.,,,,,취소,확인,,
,월대 차량 정산,,[매입 정산 확정] 버튼,,Confirm Modal,실패,,잠시 후 다시 시도해주세요.,,,,,-,확인,,
,월대 차량 정산,,[매입 정산 확정] 버튼,,Toast-Sucess,성공,,총 {{n}}건의 매입 정산 확정이 완료되었습니다.,정보/안내 메시지,-,-,-,-,-,,
,월대 차량 정산,,[월대 정산 확정 취소] 버튼,,Confirm Modal,시도,,"해당 실적은 다시 미확정 상태로 되돌아가며, 이후 회계 처리에도 영향을 줄 수 있습니다.",,,,,취소,확인,,
,월대 차량 정산,,[월대 정산 확정 취소] 버튼,,Confirm Modal,선택한 실적 중 ‘매출청구 상태’인 실적이 있는 경우,,잠시 후 다시 시도해주세요.,,,,,-,확인,,
,월대 차량 정산,,[월대 정산 확정 취소] 버튼,,Toast-Sucess,성공,,총 {{n}}건의 월대 정산 확정이 취소되었습니다.,정보/안내 메시지,-,-,-,-,-,,
,월대 차량 정산,,[거래명세서 발송] 버튼,,Confirm Modal,시도,,"위수탁 / 개별 차주에게 거래명세서가 전송됩니다.
(협력사는 제외됩니다)",,,,,취소,확인,,
,월대 차량 정산,,[거래명세서 발송] 버튼,,Confirm Modal,실패,,잠시 후 다시 시도해주세요.,,,,,-,확인,,
,월대 차량 정산,,[거래명세서 발송] 버튼,,Toast-Sucess,성공,,거래명세서 발송이 완료되었습니다.,정보/안내 메시지,-,-,-,-,-,,
,월대 차량 정산,,[추가 운임 항목 설정] 모달 > [저장] 버튼,,Confirm Modal,시도,,"저장 시, 설정한 항목이 적용됩니다.",,,,,취소,확인,,
,월대 차량 정산,,[추가 운임 항목 설정] 모달 > [저장] 버튼,,Confirm Modal,실패,,잠시 후 다시 시도해주세요.,,,,,-,확인,,
,월대 차량 정산,,[추가 운임 항목 설정] 모달 > [저장] 버튼,,Toast-Caution,금액 미입력,,매출 금액을 입력해주세요.,,-,-,-,-,-,,
,월대 차량 정산,,[추가 운임 항목 설정] 모달 > [저장] 버튼,,Toast-Caution,숫자 이외 입력,,금액은 숫자만 입력 가능합니다.,,-,-,-,-,-,,
,월대 차량 정산,,[추가 운임 항목 설정] 모달 > [저장] 버튼,,Toast-Sucess,성공,,"추가 운임 항목이 저장되었습니다. (삭제와 추가가 같이 되기 때문에, 프론트에서 몇건 저장되었는지 확인하기 어려움)",정보/안내 메시지,-,-,-,-,-,,
,월대 차량 정산,,[추가 운임 일괄 적용] 모달 > [저장하기] 버튼,,Confirm Modal,실패,,잠시 후 다시 시도해주세요.,,,,,-,확인,,
,월대 차량 정산,,[추가 운임 일괄 적용] 모달 > [저장하기] 버튼,,Toast-Sucess,성공,,총 {{n}}건의 추가 운임이 일괄 적용되었습니다.,정보/안내 메시지,-,-,-,-,-,,
,월대 차량 정산,,[양식 다운로드] 버튼,,Toast-Caution,실패,,양식 다운로드에 실패했습니다.,,-,-,-,-,-,,
,월대 차량 정산,,[엑셀 업로드] 버튼,,Confirm Modal,실패,,데이터 수정 후 ‘등록하기’ 버튼을 눌러 주세요.,,,,,-,확인,,
,월대 차량 정산,,[엑셀 업로드] 버튼,,Confirm Modal,xlsx 이외의 파일 형식,,엑셀 파일만 업로드할 수 있습니다. (.xlsx 형식),,,,,-,확인,,
,월대 차량 정산,,[엑셀 업로드] 버튼,,Toast-Sucess,성공,,엑셀 파일 업로드에 성공했습니다.,,-,-,-,-,-,,
,월대 차량 정산,,"[EDMS 실행], [등록 요청] 버튼",,Confirm Modal,"다른 지급조건이 등록요청중,삭제요청중 상태일때",,현재 결재 요청이 완료되기 전까지는 다른 지급조건 등록·삭제 요청을 할 수 없습니다.,,,,,-,확인,,
,월대 차량 정산,,[엑셀 다운로드] 버튼,,Confirm Modal,실패,,-,,,,,-,확인,,
,월대 차량 정산,,[저장] 버튼,,Toast-Sucess,성공,,수정된 정산 내역이 저장되었습니다.,정보/안내 메시지,-,-,-,-,-,,
,월대 차량 정산,,[삭제]버튼,,Destructive Modal,시도,,월대 차량 정산 내역을 삭제하시겠습니까?,삭제/취소,,입력한 내용이 모두 삭제됩니다.,,취소,삭제하기,,
,월대 차량 정산,,[삭제]버튼,,,실패,,삭제에 실패했습니다.,,,다시 시도해 주시기 바랍니다.,,-,확인,,
,월대 차량 정산,,[삭제]버튼,,Toast-Sucess,성공,,월대 차량 정산 내역이 삭제되었습니다.,정보/안내 메시지,-,-,-,-,-,,
,매입정산회계모니터링,,[조회] 버튼,,Confirm Modal,매입처 변경여부가 [전체] 혹은 [미변경]  AND 지급조건 [전체],,조회 조건에 따라 대량의 데이터가 발생할 수 있습니다.,,,"「매입처 변경 여부」가 ‘변경 아님’이고, 「지급조건」을 ‘전체’로 선택하셨습니다.  해당 조건으로 조회할 경우 다량의 데이터로 인해 조회 시간이 오래 걸리거나,  정상적으로 조회되지 않을 수 있습니다. 계속 진행하시겠습니까?",,취소,확인,,
,양곡)거래명세서,,[조회] 버튼,,Toast-Caution,지자체명 미입력,,지자체명을 입력해 주세요.,,-,-,-,-,-,,